# Blender 4.5.3 LTS
# www.blender.org
mtllib rover.mtl
o 17247_Mars_Exploratory_Rover_v1
v -0.361794 0.057649 0.256416
v -0.361592 -0.145521 -0.234198
v 0.202218 0.057730 -0.052859
v 0.201948 0.057550 0.076197
v 0.071613 -0.043494 0.256568
v 0.071092 0.057789 0.256862
v -0.361724 -0.145556 0.256943
v 0.202124 -0.043493 0.075654
v 0.030236 -0.145506 0.256444
v 0.030853 -0.044004 0.256459
v 0.029996 -0.145555 -0.233706
v -0.361923 0.057656 -0.233648
v 0.071216 0.057495 -0.234121
v 0.071670 -0.043511 -0.233775
v 0.202065 -0.043592 -0.052875
v 0.030878 -0.044126 -0.233689
v 0.010280 -0.094160 -0.262080
v 0.002683 -0.127011 -0.288553
v 0.010304 -0.107339 0.336101
v -0.028578 -0.134729 0.364108
v 0.009991 -0.086187 0.300139
v 0.035369 -0.082538 0.310574
v 0.026968 -0.136005 0.325921
v 0.020807 -0.120863 0.272951
v 0.002148 -0.127392 0.296749
v -0.038522 -0.069121 0.363768
v -0.045627 -0.075513 -0.341157
v -0.014919 -0.075177 0.370647
v -0.048783 -0.111266 0.368338
v -0.005479 -0.115040 0.370027
v 0.023140 -0.124989 0.287492
v 0.027038 -0.097319 0.320913
v 0.027294 -0.097345 0.287786
v 0.416864 -0.205177 0.319840
v 0.022848 -0.124680 0.321046
v 0.451210 -0.230599 0.353636
v 0.450543 -0.183380 0.335645
v 0.416851 -0.205241 0.353451
v 0.471107 -0.230860 0.386628
v 0.399170 -0.231614 0.386745
v 0.475712 -0.244330 0.314897
v 0.386545 -0.252623 0.274605
v 0.481917 -0.244873 0.276828
v 0.393004 -0.262860 0.319051
v 0.476313 -0.262569 0.319788
v 0.471097 -0.262543 0.386682
v 0.399106 -0.231453 0.310267
v 0.414804 -0.230370 0.334796
v 0.399212 -0.262596 0.386716
v 0.461241 -0.230402 0.314644
v 0.394715 -0.244836 0.317009
v 0.481879 -0.262537 0.276815
v -0.414381 -0.167616 0.324592
v -0.439128 -0.126843 0.320999
v -0.146126 -0.126167 0.278924
v -0.146212 -0.127328 0.321143
v -0.439442 -0.190582 0.278933
v -0.439189 -0.126392 0.278840
v -0.172548 -0.260914 0.350079
v -0.144501 -0.261098 0.346237
v -0.412851 -0.261097 0.346236
v -0.039557 -0.091923 0.276535
v -0.039047 -0.091723 0.329771
v -0.310632 -0.116968 0.279108
v -0.276252 -0.120820 0.326738
v -0.305452 -0.125927 0.327583
v -0.276785 -0.122127 0.279453
v -0.304639 -0.096816 0.327643
v -0.145963 0.014521 0.327420
v -0.135277 -0.017893 0.278918
v -0.145941 0.014390 0.278874
v -0.135289 -0.018030 0.327368
v -0.440998 -0.260887 0.350198
v -0.171326 -0.166738 0.275786
v -0.145956 -0.190441 0.278843
v -0.170939 -0.167171 0.325097
v -0.414221 -0.167864 0.275008
v -0.303344 -0.109771 0.334023
v -0.296899 -0.182766 0.332510
v -0.267006 -0.152269 0.340925
v -0.298982 -0.160448 0.342928
v -0.261934 -0.123681 0.273983
v -0.279621 -0.182814 0.273764
v -0.321563 -0.128392 0.273131
v -0.293359 -0.127763 0.346357
v 0.517378 -0.283814 0.358350
v 0.401415 -0.181448 0.364005
v 0.364063 -0.240787 0.511276
v 0.422218 -0.356791 0.507776
v 0.411019 -0.356507 0.356186
v 0.480811 -0.195062 0.511650
v 0.399308 -0.199877 0.501947
v 0.488770 -0.337341 0.507668
v 0.478537 -0.203558 0.473996
v 0.503387 -0.287303 0.500594
v 0.379284 -0.319528 0.503854
v 0.436119 -0.348293 0.473672
v 0.475927 -0.270250 0.495940
v 0.424007 -0.318248 0.497992
v 0.415810 -0.220054 0.495720
v 0.435925 -0.268742 0.510148
v 0.484143 -0.194724 0.361208
v 0.451328 -0.202879 0.372027
v 0.489246 -0.292260 0.366401
v 0.421897 -0.335048 0.372647
v 0.369410 -0.252570 0.358977
v 0.410483 -0.278440 0.375390
v 0.455128 -0.294598 0.374001
v 0.464128 -0.272550 0.301395
v 0.431327 -0.298006 0.301654
v 0.415448 -0.243306 0.300499
v 0.436805 -0.236488 0.374915
v -0.085981 -0.233775 0.357708
v -0.221254 -0.212343 0.505813
v -0.120507 -0.357785 0.448003
v -0.156607 -0.171733 0.367949
v -0.223380 -0.224198 0.351593
v -0.173302 -0.360749 0.507066
v -0.171442 -0.186694 0.510823
v -0.225063 -0.313787 0.510467
v -0.105496 -0.210650 0.502206
v -0.083928 -0.278533 0.502567
v -0.198348 -0.210009 0.492246
v -0.206408 -0.309458 0.500065
v -0.158246 -0.348293 0.473672
v -0.114582 -0.297003 0.502259
v -0.141527 -0.233054 0.497285
v -0.170537 -0.298055 0.497556
v -0.112031 -0.331846 0.354062
v -0.202583 -0.329588 0.352465
v -0.129824 -0.208191 0.371103
v -0.158317 -0.331239 0.375253
v -0.181885 -0.247582 0.379306
v -0.158211 -0.248914 0.375150
v -0.145125 -0.254578 0.327682
v -0.148864 -0.287074 0.374615
v -0.173631 -0.260656 0.328016
v -0.158252 -0.288372 0.327833
v -0.366998 -0.207288 0.508118
v -0.353059 -0.324293 0.434713
v -0.488560 -0.200067 0.366700
v -0.454920 -0.355177 0.355675
v -0.432040 -0.184755 0.512029
v -0.508122 -0.277596 0.510504
v -0.436766 -0.354786 0.511064
v -0.365369 -0.323977 0.510321
v -0.384172 -0.203558 0.473996
v -0.370755 -0.292024 0.498087
v -0.473830 -0.210099 0.473475
v -0.488120 -0.299324 0.473635
v -0.433742 -0.341214 0.497869
v -0.462701 -0.245278 0.495178
v -0.405091 -0.229315 0.494367
v -0.425022 -0.276670 0.507500
v -0.360589 -0.222229 0.356952
v -0.369453 -0.311089 0.353379
v -0.412894 -0.192655 0.351292
v -0.369435 -0.265884 0.375647
v -0.450297 -0.330384 0.372231
v -0.472004 -0.226392 0.365995
v -0.410652 -0.264895 0.375589
v -0.426635 -0.249103 0.327751
v -0.434737 -0.287963 0.374289
v -0.426924 -0.287104 0.325788
v -0.429498 -0.249835 0.375238
v 0.009820 -0.103304 -0.310855
v 0.024324 -0.082624 -0.292270
v 0.027941 -0.128287 -0.314382
v 0.028745 -0.126754 -0.248604
v 0.006186 -0.117974 -0.258857
v -0.017408 -0.072700 -0.347170
v -0.042322 -0.132387 -0.342009
v -0.005477 -0.115041 -0.347267
v -0.039827 -0.110680 -0.349101
v 0.448668 -0.184372 -0.331388
v 0.447470 -0.183972 -0.297723
v 0.026015 -0.095236 -0.281827
v 0.416853 -0.205194 -0.297101
v 0.022830 -0.124810 -0.298175
v 0.416887 -0.205240 -0.330680
v 0.453197 -0.229528 -0.314793
v 0.023167 -0.124955 -0.264709
v 0.471166 -0.230809 -0.287522
v 0.393590 -0.262832 -0.296632
v 0.399199 -0.231618 -0.364072
v 0.474696 -0.244244 -0.292518
v 0.394627 -0.244805 -0.293196
v 0.386669 -0.253345 -0.251978
v 0.483517 -0.251690 -0.251062
v 0.404433 -0.231421 -0.291982
v 0.478010 -0.262422 -0.296575
v 0.399184 -0.262578 -0.363823
v 0.471074 -0.262546 -0.363933
v 0.471021 -0.230861 -0.363847
v 0.416734 -0.231210 -0.330938
v -0.439998 -0.132370 -0.247729
v -0.144628 -0.261045 -0.324951
v -0.412979 -0.261045 -0.324950
v -0.276512 -0.121603 -0.304159
v -0.135272 -0.018022 -0.304611
v -0.310632 -0.116969 -0.256348
v -0.305495 -0.125904 -0.304479
v -0.146219 -0.126255 -0.256124
v -0.170891 -0.166920 -0.302778
v -0.146063 -0.127202 -0.296962
v -0.145967 -0.190406 -0.256075
v -0.414192 -0.168133 -0.252216
v -0.438978 -0.126702 -0.299356
v -0.414411 -0.167736 -0.301903
v -0.172366 -0.261096 -0.323669
v -0.440697 -0.261099 -0.323688
v -0.171439 -0.166699 -0.253402
v -0.039381 -0.091763 -0.253756
v -0.039231 -0.091891 -0.307021
v -0.276529 -0.121156 -0.256778
v -0.145874 0.014426 -0.256133
v -0.146013 0.014495 -0.304674
v -0.135287 -0.017898 -0.256160
v -0.304639 -0.096816 -0.304881
v -0.268007 -0.139045 -0.318232
v -0.270474 -0.180958 -0.250389
v -0.293890 -0.109772 -0.309972
v -0.274567 -0.113198 -0.251192
v -0.319097 -0.153720 -0.309645
v -0.282765 -0.182808 -0.309720
v -0.301059 -0.133008 -0.322006
v -0.288963 -0.165714 -0.319743
v -0.322622 -0.137656 -0.250878
v 0.491614 -0.199378 -0.338594
v 0.514628 -0.309379 -0.412121
v 0.511555 -0.249444 -0.487253
v 0.351485 -0.237588 -0.417469
v 0.444592 -0.361251 -0.334495
v 0.441284 -0.357063 -0.490411
v 0.498629 -0.283536 -0.341390
v 0.436581 -0.180661 -0.489315
v 0.356163 -0.275150 -0.489393
v 0.439149 -0.194778 -0.471284
v 0.363027 -0.268736 -0.451604
v 0.428135 -0.341024 -0.474765
v 0.509211 -0.268736 -0.451604
v 0.474473 -0.279239 -0.472808
v 0.418948 -0.233808 -0.475686
v 0.434712 -0.299299 -0.475280
v 0.447328 -0.202761 -0.349120
v 0.413294 -0.189854 -0.330192
v 0.427950 -0.332547 -0.350004
v 0.371729 -0.298289 -0.335175
v 0.411945 -0.256574 -0.352743
v 0.454947 -0.243033 -0.350366
v 0.423787 -0.299572 -0.277293
v 0.449149 -0.237911 -0.277441
v 0.433884 -0.301273 -0.351763
v -0.100212 -0.204220 -0.485062
v -0.092339 -0.255315 -0.339752
v -0.220982 -0.326683 -0.487462
v -0.126728 -0.348207 -0.489514
v -0.236908 -0.238296 -0.339043
v -0.161727 -0.184122 -0.488959
v -0.116847 -0.202660 -0.452679
v -0.207342 -0.209197 -0.476841
v -0.219776 -0.299326 -0.450875
v -0.158246 -0.348293 -0.450911
v -0.090105 -0.292451 -0.480457
v -0.115394 -0.264907 -0.472668
v -0.188241 -0.218386 -0.481114
v -0.164641 -0.321741 -0.475449
v -0.150267 -0.284116 -0.482814
v -0.176252 -0.179811 -0.336897
v -0.126156 -0.346006 -0.328335
v -0.166543 -0.328774 -0.349429
v -0.207183 -0.326916 -0.331116
v -0.197218 -0.224097 -0.350515
v -0.173292 -0.279040 -0.352597
v -0.145200 -0.279608 -0.321276
v -0.171333 -0.282976 -0.305052
v -0.156784 -0.248843 -0.304927
v -0.153540 -0.248714 -0.352084
v -0.175330 -0.242684 -0.474770
v -0.123896 -0.208055 -0.334693
v -0.372143 -0.203295 -0.485846
v -0.350523 -0.269920 -0.470365
v -0.450503 -0.179585 -0.332587
v -0.487149 -0.214361 -0.488007
v -0.500718 -0.305867 -0.336386
v -0.488305 -0.321708 -0.489135
v -0.440619 -0.366092 -0.415613
v -0.367064 -0.340330 -0.343564
v -0.430521 -0.186619 -0.478707
v -0.386904 -0.338903 -0.488870
v -0.499682 -0.268737 -0.451604
v -0.428134 -0.343086 -0.468459
v -0.431333 -0.226958 -0.474631
v -0.465502 -0.285269 -0.471801
v -0.384278 -0.272148 -0.473319
v -0.419196 -0.284460 -0.482606
v -0.411016 -0.342644 -0.330606
v -0.366707 -0.241539 -0.340977
v -0.408916 -0.273420 -0.352527
v -0.470910 -0.310161 -0.346739
v -0.435253 -0.285351 -0.352563
v -0.448153 -0.205303 -0.348987
v -0.434096 -0.250241 -0.352368
v -0.409172 -0.275707 -0.304955
v -0.440681 -0.281073 -0.305196
v -0.429546 -0.249996 -0.305209
v 0.111754 -0.061086 0.139567
v 0.111760 -0.080115 0.174008
v 0.114546 -0.051171 0.126858
v 0.177086 -0.060833 0.135880
v 0.109392 -0.048957 0.133802
v 0.114850 -0.074616 0.190137
v 0.174817 -0.067858 0.179603
v 0.108915 -0.082360 0.191266
v 0.057798 -0.089998 0.188083
v 0.174812 -0.116046 0.159495
v 0.111731 -0.114073 0.135049
v 0.177122 -0.099192 0.124498
v 0.219690 -0.070129 0.144871
v 0.214514 -0.098192 0.137811
v 0.193533 -0.082447 0.118388
v 0.214247 -0.065024 -0.110662
v 0.212970 -0.100284 -0.110074
v 0.057506 -0.047142 0.148457
v 0.057183 -0.113565 0.121670
v 0.274412 -0.167265 -0.171017
v 0.195991 -0.054241 -0.113962
v 0.171331 -0.163218 -0.142921
v 0.269963 -0.161782 -0.082089
v 0.176483 -0.161713 -0.080960
v 0.194549 -0.111861 -0.066785
v 0.205953 -0.150787 -0.179688
v 0.167967 -0.167170 -0.171082
v 0.180902 -0.143236 -0.179372
v 0.206082 -0.115035 -0.176366
v 0.187979 -0.152369 -0.045121
v 0.215916 -0.126941 -0.044554
v 0.223660 -0.133166 -0.232619
v 0.182879 -0.156868 -0.232640
v 0.184259 -0.106090 -0.224151
v 0.270906 -0.102624 -0.143223
v 0.233552 -0.104051 -0.140565
v 0.233121 -0.104101 -0.084982
v 0.171735 -0.105924 -0.081527
v 0.274632 -0.099281 -0.171080
v 0.233683 -0.055153 -0.116530
v 0.170245 -0.099465 -0.154913
v 0.269982 -0.104769 -0.082117
v 0.271261 -0.162901 -0.142911
v 0.194419 -0.103437 -0.109989
v 0.131240 -0.118663 -0.167212
v 0.129514 -0.049124 -0.129814
v 0.038879 -0.118572 -0.142134
v 0.042132 -0.048383 -0.179244
v 0.086993 -0.046957 -0.202449
v 0.078545 -0.113430 -0.085968
v 0.102002 -0.109557 -0.088490
v 0.072961 -0.051600 -0.088590
v 0.087266 -0.108336 0.155097
v 0.081746 -0.058219 0.154789
v 0.099844 -0.120325 -0.159084
v 0.091505 -0.144799 -0.128138
v 0.077329 -0.149261 -0.166997
v 0.108510 -0.018420 -0.173999
v 0.062136 -0.016931 -0.121899
v 0.078456 -0.118831 -0.202305
v 0.243273 0.033878 -0.028211
v 0.201676 0.003141 0.077985
v 0.201702 0.055741 0.077992
v 0.247100 0.054532 0.078188
v 0.254421 0.026968 0.038311
v 0.234764 0.006116 0.067883
v 0.247674 0.005805 0.045377
v 0.240559 0.025793 0.025586
v 0.244231 0.008416 -0.016786
v 0.253922 0.022842 -0.008031
v 0.253362 0.016359 -0.035762
v 0.233001 0.003136 -0.055211
v 0.246705 0.055217 -0.055459
v 0.201701 0.003170 -0.055235
v 0.201657 0.055753 -0.055214
v 0.387938 0.065539 0.304150
v -0.007301 0.065223 0.708466
v 0.365138 0.090289 0.280145
v 0.364737 0.090825 0.125838
v -0.078826 0.089458 0.404388
v 0.350619 0.092191 0.327811
v 0.327834 0.088673 0.461456
v 0.389985 0.080559 0.398009
v 0.385271 0.092306 0.460649
v -0.110330 0.092223 0.385407
v 0.386120 0.065241 0.076035
v -0.110371 0.065394 0.385333
v -0.007502 0.092236 0.708439
v 0.004221 0.090261 0.665050
v 0.385934 0.065392 0.460753
v 0.350722 0.065252 0.425438
v 0.350712 0.092255 0.425253
v 0.326193 0.089650 0.304706
v 0.386021 0.092242 0.075595
v 0.387940 0.092205 0.304180
v 0.350653 0.065355 0.327972
v 0.385383 0.092269 -0.438310
v -0.007457 0.092230 -0.685715
v 0.350655 0.092176 -0.305148
v 0.326218 0.089702 -0.281928
v 0.350667 0.065362 -0.305139
v 0.350754 0.092249 -0.402506
v 0.327838 0.088677 -0.438645
v 0.365086 0.090184 -0.257408
v 0.364724 0.090801 -0.103068
v -0.078823 0.089481 -0.381680
v 0.387940 0.092208 -0.281337
v 0.387928 0.065481 -0.281354
v 0.387842 0.065425 -0.380095
v 0.387800 0.092032 -0.379805
v 0.385390 0.065364 -0.438546
v 0.385938 0.092282 -0.053332
v -0.110345 0.092242 -0.362736
v 0.386212 0.065249 -0.053314
v -0.110287 0.065256 -0.362426
v 0.004258 0.090235 -0.642457
v 0.350649 0.065237 -0.402743
v -0.007469 0.065266 -0.685666
v -0.319416 0.091043 0.458854
v -0.317948 0.087377 0.268748
v -0.349452 0.065134 0.259029
v -0.340993 0.092348 0.496293
v -0.341201 0.065235 0.493519
v 0.004684 0.065223 0.276055
v 0.293000 0.092259 0.102872
v -0.227518 0.065312 0.420882
v 0.003075 0.092040 0.276252
v -0.010509 0.089824 0.252678
v -0.250468 0.089366 0.395735
v -0.227826 0.092201 0.417258
v 0.131226 0.090267 0.174953
v -0.342148 0.092209 0.253070
v -0.363548 0.092272 0.238424
v 0.293085 0.065416 0.102982
v -0.351997 0.065209 -0.232141
v 0.003307 0.065169 -0.253253
v 0.293062 0.065452 -0.080250
v 0.293096 0.092251 -0.080084
v -0.319419 0.091048 -0.436103
v -0.250349 0.089614 -0.373032
v 0.131722 0.091304 -0.152512
v -0.342150 0.092258 -0.230233
v -0.341075 0.092372 -0.473060
v -0.340493 0.065210 -0.473894
v -0.227737 0.065518 -0.395614
v -0.227889 0.092071 -0.393126
v -0.011014 0.090362 -0.230307
v 0.007136 0.092255 -0.253268
v -0.363437 0.092290 -0.215750
v -0.318875 0.089351 -0.246711
v -0.522543 0.092220 -0.857187
v -0.602228 0.090016 -0.715173
v -0.159959 0.088456 -0.435874
v -0.473038 0.083694 -0.922244
v -0.436666 0.092302 -0.958480
v -0.043632 0.065307 -0.711184
v -0.149030 0.065243 -0.389700
v -0.643364 0.065326 -0.703712
v -0.043615 0.092220 -0.710987
v -0.643804 0.092273 -0.704332
v -0.436270 0.065246 -0.958529
v -0.522303 0.065393 -0.857381
v -0.432793 0.065310 -0.898650
v -0.501293 0.091378 -0.826126
v -0.485014 0.065262 -0.834020
v -0.481237 0.089348 -0.792812
v -0.074623 0.090285 -0.694907
v -0.398391 0.090371 -0.899724
v -0.149091 0.092179 -0.389675
v -0.432607 0.092220 -0.898672
v 0.198211 0.596407 -0.144905
v 0.174319 0.554366 -0.144247
v 0.205200 0.590975 0.170261
v 0.179196 0.550732 0.169289
v 0.223486 0.556715 0.003090
v 0.163467 0.249861 -0.036195
v 0.150285 0.291278 -0.016119
v 0.208962 0.292884 -0.037224
v 0.232547 0.250267 -0.035363
v 0.198920 0.533394 0.050517
v 0.180342 0.536881 -0.019882
v 0.222504 0.247870 0.055207
v 0.235767 0.292943 0.030722
v 0.176685 0.293107 0.053595
v 0.180275 0.108719 -0.026758
v 0.198798 0.248033 -0.031139
v 0.173607 0.248478 0.046080
v 0.157398 0.083222 0.077128
v 0.140993 0.106925 0.027147
v 0.175751 0.084165 -0.064772
v 0.216348 0.104848 -0.075273
v 0.238964 0.108235 0.043025
v 0.193710 0.108058 0.065432
v 0.252558 0.084041 0.037836
v 0.210927 0.543668 -0.146810
v 0.215714 0.549659 0.170310
v 0.193976 0.573466 -0.155603
v -0.319966 0.085779 -0.178417
v -0.255851 0.076476 -0.102448
v -0.323768 0.299488 -0.102221
v -0.256799 0.150795 -0.186443
v -0.256032 0.075355 -0.188671
v -0.256797 0.150723 -0.104956
v -0.319841 0.085750 -0.112965
v -0.323727 0.299632 -0.189184
v -0.331583 0.069079 -0.195704
v -0.331610 0.069105 -0.095692
v -0.309045 0.465080 -0.160514
v -0.302835 0.461145 -0.123644
v -0.295449 0.589883 -0.171002
v -0.296763 0.631765 -0.147307
v -0.310665 0.592995 -0.132100
v -0.284215 0.590493 -0.129339
v -0.280552 0.459870 -0.151538
v -0.309628 0.320009 -0.163279
v -0.317131 0.067438 -0.139573
v -0.274900 0.069576 -0.149300
v -0.300219 0.320374 -0.118429
v -0.276501 0.312233 -0.159644
v -0.317095 0.302016 -0.166067
v -0.295682 0.302527 -0.109654
v -0.102693 0.086049 0.521964
v -0.122993 0.092609 0.469067
v -0.101013 0.096174 0.484230
v -0.079926 0.083018 0.488551
v -0.096081 0.068497 0.518406
v -0.113178 0.066381 0.494939
v -0.105644 0.059033 0.466629
v -0.128543 0.066601 0.436374
v -0.109599 0.090406 0.435420
v -0.128651 0.078726 0.540199
v -0.087831 0.078727 0.663958
v -0.017362 0.078726 0.618787
v -0.050142 0.086361 0.643256
v -0.083566 0.078581 0.509154
v -0.058013 0.078727 0.494746
v -0.051842 0.071014 0.644180
v -0.125966 0.101660 0.366873
v -0.112773 0.081166 0.375795
v -0.135283 0.094276 0.383044
v -0.126680 0.057164 0.370209
v -0.160114 0.062228 0.375899
v -0.144620 0.072023 0.356817
v -0.122505 0.081831 0.346717
v -0.167391 0.095514 0.393175
v -0.141254 0.072843 0.404337
v -0.099894 0.078727 0.410595
v -0.026013 0.086258 0.300847
v -0.118225 0.070677 0.359655
v -0.026157 0.071108 0.303482
v -0.011319 0.078727 0.353215
v -0.132706 0.078685 0.312623
v -0.044238 0.078760 0.254570
v -0.178208 0.064358 0.398806
v -0.043623 0.065234 0.733923
v -0.436280 0.092305 0.981176
v -0.432801 0.065323 0.921347
v -0.485017 0.065229 0.856776
v -0.522311 0.092221 0.880030
v -0.074477 0.090497 0.717516
v -0.644013 0.092227 0.727282
v -0.481381 0.089784 0.815959
v -0.160064 0.088239 0.458710
v -0.485049 0.092221 0.856680
v -0.520353 0.090504 0.840578
v -0.522428 0.065456 0.880123
v -0.473139 0.078437 0.944494
v -0.398062 0.088916 0.921395
v -0.043626 0.092227 0.733733
v -0.149087 0.065420 0.412311
v -0.148978 0.092255 0.412606
v -0.602612 0.090719 0.737791
v -0.643422 0.065280 0.726499
v -0.432604 0.092264 0.921367
v -0.435617 0.065362 0.981160
v -0.099070 0.087644 -0.496994
v -0.095866 0.094570 -0.458361
v -0.098213 0.061813 -0.463424
v -0.093220 0.066602 -0.493726
v -0.118693 0.096089 -0.442557
v -0.115070 0.060939 -0.453898
v -0.098395 0.071378 -0.430343
v -0.081975 0.078989 -0.485770
v -0.057977 0.078727 -0.472068
v -0.050802 0.086367 -0.621088
v -0.050961 0.071114 -0.621184
v -0.128636 0.078728 -0.517203
v -0.017366 0.078736 -0.595940
v -0.087829 0.078726 -0.641330
v -0.113793 0.089863 -0.480618
v -0.124461 0.092799 -0.411898
v -0.117061 0.064892 -0.405942
v -0.112640 0.075204 -0.354518
v -0.138607 0.097903 -0.357569
v -0.142407 0.067998 -0.381497
v -0.133084 0.094492 -0.331057
v -0.129177 0.058066 -0.346601
v -0.121932 0.075203 -0.326296
v -0.156440 0.064379 -0.344588
v -0.117063 0.086616 -0.338847
v -0.157776 0.095125 -0.359218
v -0.026746 0.075034 -0.272984
v -0.132676 0.078727 -0.289739
v -0.023664 0.085254 -0.287141
v -0.011343 0.078726 -0.330314
v -0.099765 0.078727 -0.387939
v -0.044063 0.078727 -0.231874
v -0.173223 0.066966 -0.389345
v -0.181494 0.090268 -0.366050
v -0.367467 0.100097 0.340441
v -0.365954 0.098868 0.307478
v -0.348219 0.071597 0.338636
v -0.353692 0.063797 0.307705
v -0.378787 0.060585 0.342819
v -0.380602 0.065079 0.306614
v -0.361286 0.092932 0.264426
v -0.405274 0.078309 0.357746
v -0.365007 0.086386 0.458237
v -0.367105 0.071110 0.458945
v -0.375862 0.078751 0.357111
v -0.362488 0.086526 0.355957
v -0.364036 0.070908 0.356356
v -0.405140 0.078114 0.455425
v -0.327548 0.078780 0.357735
v -0.327678 0.079721 0.455352
v -0.371042 0.065396 0.263554
v -0.380128 0.067325 -0.310265
v -0.378784 0.081800 -0.333899
v -0.382252 0.083889 -0.285398
v -0.367203 0.095552 -0.303419
v -0.347835 0.073640 -0.310142
v -0.362516 0.068967 -0.334314
v -0.367511 0.059314 -0.283760
v -0.349516 0.089704 -0.281345
v -0.358683 0.087327 -0.334314
v -0.405281 0.078727 -0.335053
v -0.405152 0.078759 -0.432616
v -0.327705 0.078946 -0.432678
v -0.327498 0.077767 -0.335082
v -0.365591 0.071236 -0.435777
v -0.365645 0.086178 -0.436196
v -0.378173 0.085552 -0.241682
v -0.353449 0.072960 -0.240441
v -0.703557 0.090050 0.258418
v -0.391905 0.092380 0.486118
v -0.393571 0.064976 0.484371
v -0.412971 0.089658 0.449951
v -0.723980 0.065231 0.270118
v -0.724036 0.092300 0.269742
v -0.703563 0.090083 -0.235676
v -0.395837 0.092364 -0.463533
v -0.413176 0.090363 -0.427627
v -0.724027 0.092302 -0.247098
v -0.396389 0.065070 -0.462543
v -0.724184 0.065231 -0.245997
v 0.250070 0.608000 0.128014
v 0.239054 0.609798 0.154682
v 0.233666 0.523279 0.154500
v 0.170244 0.609165 0.127677
v 0.298772 0.527096 0.154610
v 0.249587 0.526531 0.127931
v 0.326970 0.587767 0.154617
v 0.170600 0.525584 0.141655
v 0.337125 0.608028 0.154574
v 0.170161 0.609294 0.155129
v 0.323158 0.562868 0.061102
v 0.319188 0.543581 0.086414
v 0.320804 0.577040 0.087181
v 0.323512 0.575628 -0.054229
v 0.170232 0.609241 -0.104920
v 0.249459 0.607892 -0.105288
v 0.234612 0.611186 -0.131894
v 0.170600 0.525584 -0.118898
v 0.234428 0.523816 -0.131901
v 0.249040 0.526549 -0.105223
v 0.298821 0.527124 -0.131837
v 0.325458 0.587330 -0.132262
v 0.337086 0.608044 -0.131788
v 0.167538 0.603747 -0.132361
v 0.324290 0.547036 -0.074662
v 0.312605 0.547680 -0.044550
v 0.177929 0.205337 0.008679
v 0.154240 0.105444 0.011491
v 0.243465 0.105473 0.012122
v 0.223342 0.204529 0.011286
v 0.208115 0.204987 0.037689
v 0.221844 0.105417 0.064810
v 0.181431 0.106225 -0.037156
v 0.186424 0.204506 -0.018215
v 0.221382 0.105337 -0.042624
v 0.207786 0.204421 -0.011413
v 0.176761 0.105319 0.065555
v 0.186692 0.205352 0.035061
v 0.200795 0.105452 0.014197
v 0.209813 0.203799 0.020085
v 0.185067 0.106787 0.023215
v 0.436262 -0.180069 0.364225
v 0.439104 -0.177529 0.495982
v 0.434716 -0.167260 0.435492
v 0.399266 -0.187378 0.368389
v 0.398269 -0.191642 0.501684
v 0.391417 -0.181594 0.432892
v 0.369896 -0.223528 0.363952
v 0.366170 -0.224817 0.498578
v 0.361189 -0.215785 0.432892
v 0.359042 -0.268340 0.363903
v 0.357138 -0.265118 0.498612
v 0.347948 -0.270069 0.436012
v 0.369896 -0.313153 0.363952
v 0.368985 -0.317294 0.498527
v 0.359615 -0.317915 0.432892
v 0.398269 -0.345038 0.364101
v 0.394440 -0.346128 0.497422
v 0.394101 -0.356839 0.432892
v 0.439104 -0.359151 0.369802
v 0.436262 -0.356611 0.501560
v 0.434716 -0.369420 0.430292
v 0.474256 -0.345038 0.364101
v 0.478085 -0.346128 0.497421
v 0.478424 -0.356839 0.432893
v 0.502629 -0.313153 0.363952
v 0.503540 -0.317294 0.498527
v 0.512910 -0.317915 0.432892
v 0.515386 -0.265118 0.367172
v 0.513483 -0.268340 0.501882
v 0.524577 -0.270069 0.429773
v 0.502629 -0.223528 0.363952
v 0.503540 -0.219387 0.498527
v 0.512910 -0.218766 0.432892
v 0.474256 -0.191642 0.364101
v 0.472908 -0.187939 0.496975
v 0.481196 -0.181391 0.435605
v -0.158103 -0.180069 0.364225
v -0.155261 -0.177529 0.495982
v -0.159650 -0.167260 0.435492
v -0.195100 -0.187379 0.368389
v -0.196097 -0.191642 0.501684
v -0.202950 -0.181594 0.432892
v -0.224470 -0.223528 0.363952
v -0.224791 -0.219690 0.498197
v -0.234934 -0.218628 0.435869
v -0.235324 -0.268340 0.363902
v -0.237228 -0.265118 0.498612
v -0.246418 -0.270069 0.436012
v -0.225381 -0.317294 0.367258
v -0.224470 -0.313153 0.501833
v -0.234750 -0.317915 0.432892
v -0.196097 -0.345038 0.364101
v -0.199926 -0.346128 0.497421
v -0.200266 -0.356839 0.432892
v -0.158103 -0.356611 0.364225
v -0.160946 -0.359151 0.495983
v -0.156557 -0.369420 0.435493
v -0.120110 -0.345038 0.364101
v -0.116281 -0.346128 0.497421
v -0.115941 -0.356839 0.432892
v -0.091737 -0.313153 0.363952
v -0.090826 -0.317294 0.498527
v -0.081457 -0.317915 0.432892
v -0.078979 -0.265118 0.367172
v -0.080883 -0.268340 0.501882
v -0.069789 -0.270069 0.429773
v -0.090826 -0.219387 0.367258
v -0.091737 -0.223528 0.501833
v -0.081456 -0.218765 0.432891
v -0.120110 -0.191642 0.364101
v -0.121107 -0.187378 0.497395
v -0.113257 -0.181594 0.432892
v -0.429289 -0.177529 0.369803
v -0.426448 -0.180069 0.501560
v -0.424902 -0.167260 0.430293
v -0.463444 -0.187378 0.368389
v -0.464441 -0.191642 0.501684
v -0.471293 -0.181594 0.432892
v -0.492814 -0.223528 0.363952
v -0.496540 -0.224817 0.498578
v -0.501521 -0.215785 0.432892
v -0.503668 -0.268340 0.363902
v -0.505572 -0.265118 0.498612
v -0.514762 -0.270069 0.436012
v -0.492814 -0.313153 0.363952
v -0.493725 -0.317294 0.498526
v -0.503094 -0.317915 0.432892
v -0.464441 -0.345038 0.364101
v -0.468269 -0.346128 0.497422
v -0.468609 -0.356839 0.432892
v -0.426448 -0.356611 0.364225
v -0.429289 -0.359151 0.495983
v -0.424902 -0.369420 0.435492
v -0.388454 -0.345038 0.364101
v -0.384625 -0.346128 0.497422
v -0.384286 -0.356839 0.432892
v -0.360081 -0.313153 0.363952
v -0.359170 -0.317294 0.498527
v -0.349801 -0.317915 0.432893
v -0.347323 -0.265118 0.367171
v -0.349227 -0.268340 0.501883
v -0.338133 -0.270069 0.429773
v -0.356355 -0.224817 0.367207
v -0.360081 -0.223528 0.501833
v -0.351374 -0.215785 0.432892
v -0.388454 -0.191642 0.364101
v -0.389451 -0.187379 0.497395
v -0.381602 -0.181594 0.432892
v 0.433420 -0.177529 -0.347042
v 0.436262 -0.180069 -0.478800
v 0.437808 -0.167260 -0.407530
v 0.399266 -0.187379 -0.345627
v 0.398269 -0.191641 -0.478924
v 0.391417 -0.181594 -0.410130
v 0.366170 -0.224817 -0.344445
v 0.369896 -0.223528 -0.479073
v 0.361189 -0.215785 -0.410130
v 0.359042 -0.268340 -0.341141
v 0.357138 -0.265118 -0.475853
v 0.347949 -0.270069 -0.413250
v 0.368985 -0.317294 -0.344496
v 0.369896 -0.313153 -0.479073
v 0.359615 -0.317915 -0.410130
v 0.394440 -0.346128 -0.345601
v 0.398269 -0.345038 -0.478924
v 0.394101 -0.356839 -0.410130
v 0.439104 -0.359151 -0.347040
v 0.436262 -0.356611 -0.478801
v 0.434716 -0.369420 -0.407530
v 0.478085 -0.346128 -0.345602
v 0.474256 -0.345038 -0.478924
v 0.478424 -0.356839 -0.410130
v 0.503540 -0.317294 -0.344496
v 0.502629 -0.313153 -0.479073
v 0.512910 -0.317915 -0.410130
v 0.515386 -0.265118 -0.344410
v 0.513483 -0.268340 -0.479123
v 0.524577 -0.270069 -0.407011
v 0.502629 -0.223528 -0.341190
v 0.502949 -0.219690 -0.475437
v 0.513094 -0.218628 -0.413106
v 0.473259 -0.187379 -0.345627
v 0.474256 -0.191642 -0.478924
v 0.481108 -0.181594 -0.410130
v -0.160946 -0.177529 -0.347041
v -0.158103 -0.180069 -0.478800
v -0.156557 -0.167260 -0.407530
v -0.195100 -0.187379 -0.345627
v -0.196096 -0.191641 -0.478924
v -0.202950 -0.181594 -0.410130
v -0.224470 -0.223528 -0.341190
v -0.224791 -0.219690 -0.475437
v -0.234934 -0.218628 -0.413107
v -0.235324 -0.268340 -0.341141
v -0.237228 -0.265118 -0.475853
v -0.246418 -0.270069 -0.413249
v -0.225381 -0.317294 -0.344496
v -0.224470 -0.313153 -0.479073
v -0.234750 -0.317915 -0.410130
v -0.199926 -0.346128 -0.345602
v -0.196097 -0.345038 -0.478924
v -0.200266 -0.356839 -0.410130
v -0.155261 -0.359151 -0.347040
v -0.158103 -0.356611 -0.478801
v -0.159650 -0.369420 -0.407530
v -0.116281 -0.346128 -0.345602
v -0.120110 -0.345038 -0.478924
v -0.115941 -0.356839 -0.410130
v -0.090826 -0.317294 -0.344496
v -0.091737 -0.313153 -0.479073
v -0.081457 -0.317915 -0.410130
v -0.078979 -0.265118 -0.344410
v -0.080883 -0.268340 -0.479123
v -0.069789 -0.270069 -0.407011
v -0.091417 -0.219690 -0.344826
v -0.091737 -0.223528 -0.479073
v -0.081273 -0.218628 -0.407152
v -0.121108 -0.187378 -0.345627
v -0.120110 -0.191641 -0.478924
v -0.113257 -0.181594 -0.410130
v -0.429289 -0.177529 -0.347041
v -0.426448 -0.180069 -0.478800
v -0.424902 -0.167260 -0.407530
v -0.463444 -0.187379 -0.345627
v -0.464441 -0.191641 -0.478924
v -0.471293 -0.181594 -0.410130
v -0.496540 -0.224817 -0.344445
v -0.492814 -0.223528 -0.479073
v -0.501521 -0.215785 -0.410130
v -0.503667 -0.268340 -0.341141
v -0.505571 -0.265118 -0.475853
v -0.514762 -0.270069 -0.413250
v -0.493135 -0.316991 -0.344827
v -0.492814 -0.313153 -0.479073
v -0.503278 -0.318053 -0.407154
v -0.463093 -0.348741 -0.346047
v -0.464441 -0.345038 -0.478924
v -0.471382 -0.355290 -0.407418
v -0.423606 -0.359151 -0.347040
v -0.426448 -0.356611 -0.478801
v -0.427994 -0.369420 -0.407530
v -0.388454 -0.345038 -0.341339
v -0.389802 -0.348741 -0.474216
v -0.381513 -0.355290 -0.412843
v -0.359170 -0.317294 -0.344496
v -0.360081 -0.313153 -0.479073
v -0.349801 -0.317915 -0.410130
v -0.347323 -0.265118 -0.344409
v -0.349227 -0.268340 -0.479123
v -0.338133 -0.270069 -0.407010
v -0.360081 -0.223528 -0.341190
v -0.359760 -0.219690 -0.475437
v -0.349617 -0.218628 -0.413106
v -0.389451 -0.187379 -0.345627
v -0.388454 -0.191641 -0.478924
v -0.381602 -0.181594 -0.410130
vn -0.5797 0.7237 -0.3744
vn -0.5791 -0.7238 0.3752
vn -0.5794 0.7239 0.3745
vn 0.6628 -0.7240 0.1911
vn 0.6620 0.7243 0.1928
vn 0.2951 -0.8188 0.4924
vn 0.6611 0.7257 -0.1905
vn 0.4002 -0.5005 0.7677
vn 0.5777 -0.7251 0.3747
vn 0.2860 0.8259 0.4859
vn 0.2867 0.8250 -0.4869
vn 0.2940 -0.8221 -0.4875
vn 0.4045 -0.5012 -0.7650
vn -0.5787 -0.7240 -0.3753
vn 0.5167 0.8560 -0.0185
vn 0.2487 -0.9678 -0.0383
vn 0.6758 -0.6053 0.4205
vn 0.6726 0.7205 0.1687
vn 0.4450 0.7593 0.4748
vn 0.1268 -0.9860 -0.1083
vn -0.1345 -0.9306 0.3404
vn -0.4560 -0.8242 -0.3358
vn 0.6892 -0.3690 0.6236
vn 0.6649 0.1663 0.7282
vn 0.3341 -0.9083 0.2517
vn 0.5362 0.8430 0.0436
vn 0.3105 -0.4662 -0.8284
vn -0.6562 0.6798 -0.3274
vn -0.4200 0.8551 0.3038
vn 0.3091 0.8578 -0.4107
vn -0.8549 -0.2362 0.4619
vn -0.4331 0.8198 -0.3747
vn 0.5552 0.8317 0.0061
vn -0.6772 -0.6077 -0.4149
vn -0.7154 -0.5856 0.3811
vn -0.4601 0.8189 0.3430
vn -0.4536 -0.3438 -0.8222
vn 0.5717 0.6193 -0.5382
vn -0.4547 -0.2845 0.8440
vn 0.1973 0.9554 0.2198
vn 0.7830 0.6184 -0.0667
vn 0.5562 0.7403 0.3777
vn -0.2676 0.9634 -0.0142
vn -0.5741 0.6879 -0.4440
vn -0.5903 0.7105 0.3831
vn 0.5463 -0.7368 0.3984
vn -0.5655 -0.7227 0.3975
vn -0.6202 -0.7844 -0.0076
vn 0.6206 -0.7816 0.0632
vn 0.6301 0.7026 -0.3307
vn -0.8379 0.5384 -0.0901
vn -0.8565 0.0532 -0.5133
vn 0.6124 -0.7146 -0.3381
vn 0.5839 0.7294 -0.3565
vn 0.6442 -0.4319 -0.6312
vn -0.3171 -0.5649 -0.7618
vn -0.7354 0.5757 0.3574
vn 0.0623 0.9366 -0.3449
vn -0.4044 0.7272 -0.5547
vn 0.3104 0.2211 -0.9245
vn -0.0249 -0.6913 -0.7221
vn 0.3387 0.1277 0.9322
vn 0.3195 -0.5562 -0.7672
vn 0.5972 0.7130 0.3675
vn -0.4702 -0.8714 0.1397
vn 0.4586 -0.8842 0.0892
vn -0.5427 -0.3537 0.7618
vn -0.7059 -0.3475 -0.6173
vn 0.4876 -0.8665 0.1071
vn -0.4700 -0.8667 0.1671
vn 0.5048 -0.3854 0.7724
vn -0.6046 0.7068 0.3673
vn 0.0637 0.9379 0.3411
vn 0.5472 -0.7625 -0.3453
vn -0.3061 0.3962 0.8656
vn -0.0250 -0.6953 0.7183
vn 0.5624 -0.7523 0.3432
vn 0.7100 0.6286 -0.3174
vn -0.2620 0.9235 0.2801
vn 0.8618 -0.1474 0.4854
vn -0.2689 -0.9238 0.2727
vn -0.8545 0.3734 -0.3611
vn 0.2113 -0.9161 -0.3408
vn 0.1049 0.5074 0.8553
vn -0.7855 -0.2429 0.5692
vn -0.7718 -0.4252 0.4728
vn -0.8183 0.2129 0.5338
vn -0.8148 0.0086 -0.5796
vn -0.3438 0.8733 -0.3452
vn -0.2373 -0.8600 -0.4518
vn 0.8484 -0.1880 -0.4948
vn 0.5368 -0.6872 0.4895
vn -0.3341 0.7942 0.5076
vn 0.2593 0.0662 0.9635
vn 0.1193 -0.3806 0.9170
vn 0.2286 0.9295 0.2894
vn 0.8064 0.0031 0.5913
vn 0.1140 0.1933 0.9745
vn -0.1142 0.0299 0.9930
vn -0.0859 -0.2868 -0.9541
vn 0.5115 0.7371 -0.4417
vn -0.0027 0.5144 -0.8575
vn 0.1591 -0.4055 -0.9001
vn -0.3310 0.3089 -0.8917
vn -0.4071 -0.2756 -0.8708
vn 0.1416 0.3717 -0.9175
vn 0.9103 0.0612 -0.4095
vn -0.2129 -0.9104 -0.3546
vn -0.4777 0.7880 -0.3883
vn 0.8651 -0.1520 0.4779
vn 0.7916 0.3480 -0.5023
vn 0.6288 0.6166 0.4737
vn 0.0514 0.9497 -0.3090
vn -0.7573 0.3286 -0.5644
vn -0.7616 0.5104 0.3993
vn -0.0837 0.8410 0.5345
vn -0.7331 -0.4163 0.5378
vn -0.4810 -0.6625 -0.5742
vn 0.3781 -0.9257 0.0059
vn -0.1494 -0.8664 0.4765
vn 0.4828 -0.6791 -0.5529
vn 0.8050 -0.5503 0.2217
vn 0.3372 -0.0457 0.9403
vn -0.1073 0.0049 0.9942
vn -0.3207 0.7452 0.5847
vn 0.2072 -0.4384 0.8746
vn -0.0499 0.2474 0.9676
vn 0.0154 0.8756 -0.4828
vn 0.0885 0.0911 -0.9919
vn -0.2426 -0.2331 -0.9417
vn -0.4407 -0.2349 -0.8664
vn 0.6438 0.6761 -0.3584
vn 0.1369 0.6494 -0.7480
vn -0.0443 -0.9476 -0.3162
vn -0.8008 0.3248 -0.5032
vn 0.3317 0.7305 0.5970
vn 0.8030 -0.5948 -0.0378
vn 0.7841 0.4531 -0.4241
vn 0.1539 0.8590 -0.4883
vn -0.1054 0.7207 0.6852
vn -0.6769 0.6564 -0.3332
vn 0.6422 -0.4981 0.5827
vn -0.7152 -0.1710 0.6777
vn -0.3234 -0.8475 -0.4208
vn 0.6035 -0.3790 -0.7015
vn 0.7021 -0.6105 0.3665
vn 0.5420 0.6403 0.5443
vn 0.0855 0.5333 0.8416
vn -0.1231 -0.8717 0.4743
vn -0.7520 -0.0230 0.6587
vn -0.4876 0.2167 0.8457
vn -0.0718 0.0301 0.9970
vn 0.0327 -0.0615 -0.9976
vn 0.4010 0.3615 -0.8417
vn -0.9274 -0.2700 -0.2588
vn 0.5745 0.0507 -0.8169
vn -0.0121 -0.2575 -0.9662
vn -0.1607 0.0854 -0.9833
vn -0.0254 -0.8723 -0.4883
vn -0.0815 0.8760 -0.4753
vn 0.6927 0.3688 -0.6198
vn 0.6443 -0.4703 -0.6031
vn 0.4670 -0.7528 -0.4638
vn 0.5279 -0.6833 0.5044
vn 0.2350 0.9671 -0.0979
vn -0.5596 -0.0859 -0.8243
vn 0.6596 0.6227 -0.4210
vn -0.4197 -0.5248 -0.7406
vn -0.7192 -0.5233 -0.4571
vn 0.6481 0.6353 0.4200
vn -0.3602 0.9328 0.0106
vn -0.6842 -0.5344 0.4962
vn -0.3525 -0.5537 0.7544
vn -0.7476 0.6599 0.0751
vn 0.8125 0.5684 0.1291
vn 0.5672 0.7011 0.4322
vn 0.1607 0.9869 0.0106
vn -0.2069 0.9603 -0.1872
vn -0.6636 0.5906 0.4592
vn 0.5671 -0.7226 -0.3953
vn 0.5841 0.7160 -0.3823
vn -0.6191 0.6996 -0.3568
vn -0.5841 -0.7100 -0.3935
vn -0.8013 -0.0056 0.5983
vn -0.5917 -0.8057 0.0275
vn 0.6945 -0.3482 0.6297
vn 0.5874 0.7234 0.3629
vn -0.3293 -0.5544 0.7644
vn -0.7364 0.5747 -0.3569
vn 0.0639 0.9368 0.3440
vn 0.0630 0.9377 -0.3418
vn -0.0235 -0.6914 0.7221
vn 0.3174 0.1987 0.9272
vn 0.3092 0.1086 -0.9448
vn -0.4019 0.7279 0.5555
vn -0.4786 -0.3715 -0.7956
vn 0.4931 -0.4009 -0.7721
vn -0.4863 -0.8655 -0.1201
vn 0.4712 -0.8705 -0.1424
vn -0.4752 -0.8735 -0.1059
vn 0.4681 -0.8744 -0.1275
vn 0.1050 -0.7123 0.6940
vn -0.3017 0.3570 -0.8840
vn -0.0236 -0.6952 -0.7184
vn 0.5540 -0.7576 0.3451
vn 0.6044 0.7107 -0.3599
vn -0.5750 0.7496 -0.3278
vn -0.6749 0.5727 0.4654
vn 0.5550 -0.7585 -0.3414
vn -0.1139 0.9554 -0.2726
vn 0.4243 0.8343 0.3520
vn 0.8647 0.1797 -0.4691
vn -0.8798 -0.3745 -0.2929
vn -0.8986 0.1542 0.4108
vn 0.0746 -0.9644 -0.2539
vn 0.3715 -0.8634 0.3414
vn -0.4741 0.3483 -0.8087
vn -0.0539 -0.4137 -0.9088
vn 0.0094 0.8755 -0.4831
vn -0.2676 0.8322 0.4856
vn 0.5800 0.6964 0.4227
vn -0.9091 0.4164 0.0149
vn -0.7038 -0.4579 0.5431
vn -0.5837 -0.3611 -0.7273
vn -0.0737 -0.8887 -0.4526
vn 0.8939 -0.4481 -0.0132
vn -0.0119 -0.9171 0.3985
vn 0.6964 -0.0389 -0.7166
vn -0.0129 -0.6694 -0.7428
vn -0.7682 0.4672 -0.4377
vn 0.3241 0.7101 -0.6251
vn 0.7756 -0.1935 -0.6009
vn 0.3997 -0.1215 -0.9086
vn -0.2903 0.1912 -0.9376
vn 0.0310 -0.0115 -0.9995
vn 0.2056 0.4494 0.8693
vn 0.0284 -0.5609 0.8274
vn 0.7267 -0.0949 0.6804
vn -0.0338 -0.2680 0.9628
vn 0.1175 0.2867 0.9508
vn 0.3105 0.8238 0.4744
vn -0.1790 -0.8706 0.4582
vn 0.0384 -0.1020 0.9940
vn 0.4011 0.6893 -0.6033
vn 0.8560 0.1135 0.5044
vn 0.8400 -0.2046 -0.5025
vn -0.1660 0.9070 0.3869
vn 0.0437 0.8031 -0.5943
vn -0.6856 0.5399 -0.4884
vn -0.8441 0.2958 0.4472
vn 0.3048 -0.8335 0.4608
vn -0.0282 -0.8325 -0.5533
vn 0.5346 0.6092 0.5858
vn -0.4607 -0.5619 -0.6871
vn -0.4800 -0.7060 0.5207
vn -0.3750 -0.6567 -0.6543
vn 0.0477 0.8892 -0.4550
vn 0.7785 -0.0468 -0.6259
vn 0.0830 0.2131 -0.9735
vn -0.0033 0.2460 -0.9693
vn -0.2202 -0.5195 -0.8256
vn 0.0717 -0.1001 -0.9924
vn 0.2482 -0.0448 -0.9677
vn 0.1055 0.6177 0.7793
vn 0.1795 -0.2238 0.9580
vn 0.3778 -0.4316 0.8192
vn -0.4802 -0.0506 0.8757
vn -0.2005 0.2866 0.9368
vn 0.0215 0.9243 0.3811
vn -0.5309 -0.7388 0.4151
vn -0.2085 0.8809 0.4248
vn -0.0411 0.9004 -0.4330
vn -0.7416 0.2829 -0.6083
vn -0.6778 -0.2608 -0.6874
vn -0.8110 -0.3038 0.4999
vn -0.1716 -0.9849 -0.0228
vn 0.6789 -0.6535 0.3347
vn -0.0341 -0.7541 0.6559
vn 0.6099 0.6613 -0.4367
vn 0.9009 -0.0114 -0.4339
vn 0.0808 0.9728 -0.2172
vn 0.8787 0.0121 -0.4772
vn 0.4048 -0.6431 -0.6500
vn -0.1366 -0.0251 -0.9903
vn -0.4287 -0.1929 -0.8826
vn 0.1095 -0.0450 -0.9930
vn 0.1661 -0.9615 -0.2190
vn 0.7440 0.3725 0.5547
vn 0.2307 0.4861 0.8429
vn 0.4446 -0.3634 0.8187
vn -0.0694 0.3185 0.9454
vn -0.6386 -0.6697 0.3791
vn -0.3182 -0.2065 0.9253
vn 0.8414 -0.3596 0.4035
vn -0.0457 0.9465 0.3195
vn 0.1488 0.9889 0.0013
vn -0.4913 0.8702 -0.0379
vn 0.6863 -0.0183 0.7271
vn 0.4660 0.8646 -0.1880
vn -0.7250 -0.3275 0.6059
vn -0.0185 -0.9842 -0.1762
vn -0.5155 -0.8079 -0.2856
vn 0.4129 -0.7269 -0.5487
vn 0.4735 -0.8672 0.1543
vn 0.0039 0.9745 -0.2244
vn -0.4276 0.8702 -0.2449
vn -0.6516 0.2891 0.7013
vn 0.0882 0.0214 0.9959
vn 0.3666 0.6406 0.6747
vn -0.6758 0.2559 -0.6912
vn 0.1582 0.9499 -0.2695
vn 0.7146 0.6644 0.2190
vn 0.4222 -0.8868 0.1880
vn 0.0266 -0.8116 -0.5836
vn 0.0639 0.8054 -0.5893
vn 0.8893 0.3804 0.2537
vn 0.0228 0.6779 0.7348
vn -0.0316 -0.8339 0.5510
vn -0.6368 0.7150 0.2886
vn 0.6071 0.6932 0.3884
vn 0.3225 -0.7225 -0.6116
vn -0.5990 -0.7621 -0.2457
vn -0.8771 -0.1479 -0.4570
vn -0.5767 0.7876 -0.2171
vn 0.0750 0.8153 -0.5741
vn 0.5881 -0.7636 -0.2666
vn -0.5006 -0.8133 0.2965
vn -0.3659 0.9091 -0.1990
vn -0.4043 -0.8531 -0.3298
vn 0.9244 -0.0090 -0.3812
vn -0.6341 -0.7634 0.1231
vn 0.5784 -0.7176 0.3880
vn 0.6244 0.7726 0.1152
vn 0.6410 -0.7589 0.1149
vn 0.1299 0.9903 0.0493
vn -0.1808 0.9808 0.0726
vn 0.5978 0.7508 -0.2811
vn 0.1323 0.9348 0.3297
vn -0.5582 0.8297 -0.0008
vn -0.6941 0.6935 -0.1932
vn -0.1807 -0.7761 -0.6042
vn -0.7056 -0.7071 0.0454
vn 0.7854 -0.5920 -0.1807
vn 0.8983 0.4091 0.1603
vn 0.6875 -0.6775 0.2614
vn -0.4288 -0.8622 0.2697
vn -0.4137 0.6856 0.5990
vn -0.0685 0.8300 0.5535
vn 0.0343 -0.7648 0.6434
vn 0.2592 -0.9035 -0.3412
vn -0.0086 -0.9867 0.1623
vn -0.3959 -0.9094 -0.1277
vn 0.0472 0.6046 -0.7951
vn 0.4200 0.8755 -0.2388
vn -0.6067 0.7742 0.1803
vn -0.5162 -0.7612 0.3926
vn 0.4306 -0.8010 -0.4158
vn 0.4519 -0.8190 0.3537
vn 0.9675 -0.2469 -0.0549
vn 0.9925 0.0029 -0.1218
vn 0.5926 0.7016 0.3956
vn 0.3507 -0.9311 -0.1002
vn 0.7339 -0.6637 -0.1447
vn -0.5735 0.7302 -0.3713
vn -0.5684 0.7340 0.3718
vn 0.6354 0.6728 -0.3789
vn -0.5794 -0.7238 -0.3748
vn 0.6882 -0.7244 -0.0406
vn 0.9721 0.1441 0.1849
vn -0.3039 0.8025 0.5134
vn -0.7190 -0.6718 -0.1780
vn -0.3103 -0.7871 0.5331
vn -0.0537 0.9978 -0.0384
vn 0.5904 0.7701 0.2416
vn 0.1156 0.9854 -0.1252
vn -0.0213 0.9997 0.0127
vn 0.3107 0.9403 0.1389
vn -0.0434 0.9990 -0.0141
vn 0.0136 0.9994 -0.0315
vn 0.0574 0.9982 0.0147
vn -0.0175 0.9997 0.0168
vn -0.6949 0.6984 -0.1712
vn 0.4747 0.7471 -0.4654
vn 0.6183 0.7399 0.2651
vn 0.4847 -0.7395 -0.4672
vn 0.6223 -0.7498 0.2248
vn 0.2083 -0.9674 -0.1439
vn 0.5138 -0.7282 0.4536
vn 0.6234 -0.7258 -0.2910
vn 0.6083 0.7386 -0.2906
vn 0.1534 -0.9776 0.1440
vn -0.0528 0.9979 0.0368
vn 0.0735 0.9893 0.1264
vn 0.3143 0.9392 -0.1385
vn -0.0216 0.9997 -0.0077
vn -0.0452 0.9989 0.0147
vn 0.6415 -0.7165 -0.2741
vn 0.4869 -0.7363 0.4699
vn 0.3693 -0.9156 -0.1591
vn 0.5134 0.7251 0.4591
vn 0.0140 0.9994 0.0317
vn -0.0181 0.9997 -0.0178
vn 0.0573 0.9982 -0.0147
vn -0.6958 0.6978 0.1701
vn 0.4717 0.7509 0.4623
vn -0.3018 0.8032 -0.5135
vn 0.6171 0.7411 -0.2644
vn -0.7179 -0.6727 0.1791
vn -0.3133 -0.7862 -0.5326
vn 0.2584 -0.8687 0.4225
vn 0.2811 -0.8572 0.4315
vn 0.2459 -0.8804 -0.4055
vn -0.4533 0.7467 0.4868
vn -0.4679 -0.7531 0.4625
vn 0.6358 -0.7185 0.2820
vn 0.6291 0.7247 0.2812
vn -0.0048 1.0000 -0.0030
vn -0.0277 0.9987 -0.0417
vn -0.7316 0.6438 -0.2244
vn -0.2027 0.9702 0.1324
vn -0.2391 0.9634 -0.1209
vn -0.7500 0.6248 0.2172
vn -0.0241 0.9991 -0.0344
vn -0.0246 0.9987 -0.0438
vn 0.0978 0.9952 -0.0085
vn -0.6235 -0.7775 -0.0825
vn -0.6083 -0.7898 0.0785
vn 0.2227 0.9140 0.3392
vn 0.2260 0.9015 0.3691
vn -0.0201 0.9994 0.0277
vn 0.0155 0.9996 0.0249
vn -0.0191 0.9992 0.0358
vn -0.4464 0.7592 -0.4737
vn 0.6325 0.7223 -0.2795
vn 0.2389 0.8867 -0.3960
vn 0.0669 0.9977 0.0058
vn 0.6355 -0.7190 -0.2813
vn -0.4419 -0.7471 -0.4966
vn 0.2751 -0.8624 -0.4250
vn 0.2265 0.9091 -0.3496
vn 0.7202 -0.6714 -0.1749
vn 0.3078 -0.7872 0.5344
vn -0.1869 -0.8514 -0.4900
vn 0.0811 0.9691 -0.2329
vn 0.0448 0.9990 -0.0004
vn 0.0159 0.9997 0.0200
vn -0.0406 0.9990 0.0163
vn -0.1269 0.8506 -0.5103
vn -0.0036 0.9995 0.0316
vn -0.0300 0.9983 -0.0496
vn -0.7512 0.6565 0.0689
vn 0.2871 0.8165 0.5009
vn 0.7024 0.6917 -0.1680
vn 0.0338 0.8244 -0.5649
vn -0.2147 0.9763 0.0274
vn -0.7582 -0.6475 0.0772
vn -0.0597 -0.8022 -0.5941
vn -0.1351 -0.9368 -0.3227
vn -0.2943 -0.9556 -0.0149
vn -0.9852 0.1581 0.0668
vn 0.9978 -0.0403 -0.0531
vn 0.0501 0.9531 -0.2986
vn 0.0917 0.9306 0.3543
vn -0.8509 -0.3683 -0.3747
vn -0.7678 -0.4614 0.4446
vn -0.7051 -0.6817 -0.1953
vn 0.5202 -0.7565 -0.3963
vn 0.6544 -0.6105 0.4461
vn 0.0798 -0.9301 0.3586
vn 0.9554 0.1358 0.2623
vn 0.2576 0.5071 -0.8225
vn -0.7622 0.6232 -0.1753
vn -0.5818 -0.7183 -0.3814
vn -0.8417 -0.2636 0.4712
vn -0.6684 0.4102 0.6204
vn 0.8021 -0.1582 0.5759
vn 0.6643 -0.6403 -0.3857
vn 0.8794 0.3751 0.2932
vn -0.1845 0.3563 0.9160
vn -0.6150 0.5953 -0.5171
vn 0.0146 -0.9276 -0.3733
vn -0.5464 -0.6499 0.5283
vn -0.8545 0.5189 0.0229
vn 0.4891 0.4842 -0.7255
vn -0.0789 0.2682 -0.9601
vn -0.5421 -0.7466 0.3856
vn -0.5439 -0.7455 -0.3853
vn 0.9186 -0.2933 -0.2650
vn 0.9277 -0.2624 0.2656
vn 0.9543 0.2988 -0.0046
vn 0.6583 0.6588 0.3642
vn 0.6539 0.6626 -0.3653
vn -0.0116 0.9645 0.2637
vn 0.9545 0.2981 0.0045
vn -0.0103 0.9649 -0.2624
vn -0.9136 0.1231 -0.3876
vn 0.4930 -0.8684 -0.0526
vn -0.4460 -0.8942 0.0388
vn 0.0374 0.2106 0.9769
vn 0.9533 0.0952 -0.2868
vn 0.0030 0.9997 -0.0224
vn 0.8780 0.2425 0.4126
vn 0.1159 0.3248 -0.9387
vn 0.9876 -0.0236 -0.1549
vn -0.8551 -0.0488 -0.5162
vn -0.9117 0.2606 0.3177
vn -0.4646 -0.0485 0.8842
vn -0.8473 0.2193 -0.4838
vn -0.3148 0.2625 0.9121
vn 0.1617 0.9862 0.0364
vn -0.5651 -0.7840 0.2567
vn -0.3156 0.9486 -0.0217
vn 0.9631 0.1888 -0.1920
vn 0.3167 0.7227 -0.6143
vn -0.7222 0.6803 0.1248
vn 0.1565 -0.9826 -0.1004
vn 0.9968 -0.0080 -0.0790
vn 0.0163 -0.9980 -0.0606
vn -0.6440 -0.6885 -0.3336
vn 0.2661 0.8879 0.3753
vn -0.6998 0.0162 0.7141
vn -0.9960 0.0174 -0.0872
vn 0.3772 0.0046 -0.9261
vn 0.2600 -0.8883 0.3784
vn 0.9972 -0.0051 0.0747
vn -0.5036 0.8599 0.0835
vn 0.5064 -0.5063 0.6980
vn -0.0361 0.9579 0.2847
vn -0.5460 -0.4842 -0.6837
vn 0.1705 -0.9852 0.0179
vn 0.1040 0.9923 -0.0676
vn -0.3363 0.8871 -0.3162
vn 0.3367 -0.9350 -0.1116
vn -0.7907 -0.5875 0.1723
vn -0.1723 -0.9454 -0.2766
vn 0.5380 0.8231 -0.1818
vn 0.6736 0.3096 0.6711
vn -0.9193 0.0719 -0.3868
vn 0.1320 0.0137 -0.9912
vn 0.5127 -0.8434 -0.1607
vn -0.6040 -0.0746 0.7935
vn 0.9180 0.0058 0.3966
vn -0.1312 -0.8217 0.5546
vn -0.7566 -0.6492 -0.0782
vn -0.0720 -0.9469 0.3135
vn -0.1216 0.8415 0.5264
vn -0.0360 0.9979 0.0542
vn 0.0129 0.9995 -0.0300
vn 0.0276 0.9996 -0.0051
vn 0.3061 -0.7861 -0.5370
vn 0.7200 -0.6716 0.1746
vn 0.0311 0.9995 0.0018
vn 0.2872 0.8179 -0.4987
vn -0.7575 0.6492 -0.0684
vn -0.0414 0.9991 -0.0117
vn -0.0450 0.9626 0.2672
vn -0.0060 0.9987 -0.0500
vn -0.1474 0.8576 0.4927
vn -0.2078 0.9778 -0.0283
vn -0.9976 -0.0139 -0.0683
vn -0.2753 -0.9613 0.0069
vn -0.1507 -0.8497 0.5053
vn 0.7048 0.6888 0.1695
vn -0.1384 0.9865 -0.0875
vn 0.0441 -0.9883 0.1457
vn -0.8085 0.5709 -0.1426
vn 0.3704 0.9168 0.1489
vn 0.8764 0.0522 0.4787
vn 0.8789 -0.2418 0.4111
vn -0.3638 0.9307 -0.0381
vn 0.3964 -0.9102 -0.1198
vn -0.4611 -0.8733 -0.1570
vn -0.3145 0.8501 0.4224
vn -0.2768 -0.7039 0.6541
vn 0.2735 -0.8831 -0.3813
vn -0.6910 0.0122 -0.7228
vn -0.9956 0.0212 0.0911
vn 0.3748 -0.0090 0.9271
vn 0.9974 -0.0008 -0.0726
vn 0.2660 0.8870 -0.3774
vn 0.0421 0.9868 -0.1566
vn 0.4866 -0.5543 -0.6752
vn -0.1639 0.9852 0.0500
vn -0.0140 0.9019 0.4318
vn 0.3057 -0.9496 0.0696
vn -0.3781 -0.8889 0.2586
vn -0.4194 -0.8086 0.4125
vn -0.0225 0.9934 -0.1129
vn -0.1192 -0.8976 -0.4243
vn -0.7338 0.6792 -0.0152
vn 0.4809 -0.6123 0.6276
vn 0.9118 -0.0841 -0.4020
vn 0.4075 0.8732 0.2674
vn -0.1335 -0.0874 -0.9872
vn -0.9203 -0.0575 0.3869
vn 0.5813 0.0720 0.8105
vn -0.8149 -0.5679 -0.1156
vn -0.5311 -0.8094 0.2506
vn -0.0699 0.9803 0.1847
vn 0.0188 0.9955 -0.0925
vn 0.6938 -0.7146 -0.0897
vn 0.9634 -0.2258 0.1444
vn 0.0246 0.9937 0.1094
vn 0.1231 -0.9655 0.2293
vn -0.2797 -0.7056 -0.6511
vn 0.1579 0.8520 -0.4991
vn -0.9283 0.2413 -0.2828
vn -0.0154 -0.9093 0.4159
vn -0.0112 0.9108 0.4126
vn -0.9487 -0.0516 0.3121
vn 0.9279 -0.0178 -0.3723
vn 0.9285 0.0249 0.3704
vn -0.8065 -0.0840 -0.5852
vn -0.6910 -0.7104 -0.1339
vn -0.1066 0.9942 -0.0140
vn -0.5470 0.8174 0.1808
vn 0.2732 0.9619 0.0066
vn 0.9144 -0.3920 -0.1010
vn 0.1193 -0.9927 0.0202
vn -0.8936 0.4487 0.0094
vn 0.7009 0.7089 0.0787
vn -0.0319 -0.9976 0.0612
vn 0.6504 -0.4819 0.5872
vn -0.6398 0.5474 0.5395
vn -0.9224 0.0486 0.3832
vn 0.0033 0.9039 -0.4278
vn 0.9317 0.0257 -0.3624
vn 0.0015 -0.9046 -0.4263
vn -0.9323 0.0009 -0.3616
vn 0.9370 -0.0352 0.3476
vn 0.0551 0.9979 0.0340
vn -0.6028 0.7539 0.2613
vn 0.0563 0.9978 -0.0336
vn -0.6380 -0.7190 0.2755
vn -0.6384 -0.7214 -0.2684
vn 0.4728 -0.7463 -0.4685
vn 0.4640 -0.7559 0.4618
vn 0.4854 0.7425 0.4616
vn -0.6046 0.7509 -0.2659
vn -0.0234 0.9991 0.0342
vn 0.4714 0.7496 -0.4646
vn -0.0170 0.9986 -0.0507
vn 0.8556 -0.5132 0.0677
vn 0.9956 0.0800 -0.0495
vn 0.9495 -0.3125 0.0268
vn -0.5817 0.7209 0.3767
vn -0.2462 0.9485 -0.1994
vn -0.5821 0.7163 -0.3848
vn -0.0254 -0.9261 0.3764
vn -0.6587 -0.7524 -0.0039
vn -0.2465 -0.9439 -0.2199
vn 0.7095 0.5979 0.3730
vn 0.0032 0.9135 0.4067
vn 0.7619 -0.3750 0.5281
vn 0.4329 -0.8082 0.3993
vn 0.7641 -0.2831 -0.5797
vn 0.8481 -0.5226 0.0876
vn 0.9916 -0.1179 0.0526
vn 0.7209 0.5849 -0.3717
vn -0.2391 0.9431 0.2309
vn 0.0107 0.9256 -0.3783
vn -0.5392 0.7758 0.3276
vn -0.6477 -0.7619 0.0068
vn -0.0209 -0.9203 -0.3906
vn -0.2493 -0.9447 0.2131
vn -0.7330 0.5304 -0.4260
vn 0.3887 -0.8317 -0.3965
vn 0.8145 -0.5747 0.0795
vn -0.7194 -0.6916 -0.0647
vn -0.3549 -0.9235 0.1458
vn -0.3640 0.8114 0.4574
vn 0.7574 0.6500 0.0614
vn 0.6079 0.7762 0.1674
vn 0.5530 -0.8330 -0.0173
vn 0.4803 0.7662 0.4269
vn 0.3811 -0.9051 0.1889
vn 0.3108 -0.8930 0.3255
vn -0.4558 0.7365 -0.4999
vn -0.7087 0.7036 -0.0519
vn 0.4059 0.8052 -0.4323
vn 0.7111 -0.6248 -0.3224
vn -0.7393 -0.6038 -0.2981
vn -0.4381 -0.6973 0.5673
vn 0.0013 0.0385 -0.9993
vn -0.0657 0.0301 0.9974
vn 0.1800 -0.2300 0.9564
vn -0.0326 -0.0035 0.9995
vn -0.0742 0.1349 -0.9881
vn 0.2183 -0.2283 -0.9488
vn -0.0125 -0.0323 0.9994
vn -0.1394 -0.0088 -0.9902
vn 0.2277 0.0893 -0.9696
vn 0.0307 -0.0185 0.9994
vn 0.0049 -0.1625 -0.9867
vn -0.0905 0.3334 -0.9384
vn 0.0125 0.0323 0.9994
vn 0.1394 0.0088 -0.9902
vn -0.2277 -0.0893 -0.9696
vn -0.0041 0.0344 0.9994
vn 0.0734 0.0405 -0.9965
vn -0.1874 -0.2388 -0.9528
vn -0.0920 0.1374 -0.9862
vn 0.2016 -0.1763 -0.9635
vn -0.0091 -0.0303 0.9995
vn 0.0577 -0.1586 0.9857
vn -0.0385 0.3285 0.9437
vn -0.0285 0.0069 -0.9996
vn 0.0920 0.1374 0.9862
vn -0.2017 -0.1763 0.9634
vn 0.0091 -0.0303 -0.9995
vn -0.1197 0.1048 0.9873
vn 0.1705 -0.2525 0.9525
vn 0.0269 0.0105 -0.9996
vn -0.1415 -0.0667 0.9877
vn 0.2220 0.0315 0.9745
vn -0.0655 0.0113 -0.9978
vn 0.1197 0.1048 -0.9873
vn -0.1705 -0.2524 -0.9525
vn -0.0269 0.0105 0.9996
vn -0.2016 -0.1763 0.9635
vn 0.6609 -0.7258 -0.1911
vn 0.5767 -0.7258 -0.3749
vn -0.6060 0.7059 -0.3667
vn 0.4974 0.4895 0.7163
vn -0.1553 -0.9109 0.3823
vn -0.4872 -0.6291 0.6057
vn -0.4603 -0.6405 0.6147
vn 0.1454 0.4299 0.8911
vn 0.6402 -0.7676 0.0300
vn 0.8086 0.0872 0.5819
vn 0.4713 0.8815 -0.0294
vn 0.5551 -0.5156 -0.6527
vn 0.7416 0.0774 -0.6664
vn 0.6426 -0.7156 0.2739
vn 0.3699 -0.9153 0.1591
vn 0.0210 0.9995 -0.0238
vn 0.8119 -0.5558 0.1784
vn -0.4912 -0.6449 -0.5855
vn -0.6109 -0.6177 -0.4952
vn 0.0005 0.0969 0.9953
vn -0.0682 0.1552 -0.9855
vn 0.0684 -0.3466 -0.9355
vn -0.0818 0.0006 0.9966
vn -0.1380 -0.0757 -0.9875
vn 0.2385 0.0539 -0.9696
vn -0.0445 -0.0900 0.9949
vn 0.0395 0.3337 0.9419
vn 0.0139 -0.0674 -0.9976
vn 0.0005 -0.0969 -0.9953
vn -0.0682 -0.1552 0.9855
vn 0.0684 0.3466 0.9355
vn 0.0753 -0.0491 0.9960
vn 0.1369 -0.0082 -0.9905
vn -0.2563 0.0968 -0.9617
vn 0.0818 0.0006 -0.9966
vn 0.1381 -0.0757 0.9875
vn -0.2385 0.0539 0.9696
vn -0.0003 0.0999 0.9950
vn 0.1159 -0.3371 0.9343
vn -0.0248 -0.0074 -0.9997
vn -0.0715 0.0476 0.9963
vn -0.1551 0.0153 -0.9878
vn 0.2504 -0.0961 -0.9634
vn -0.0753 -0.0491 -0.9960
vn -0.1369 -0.0082 0.9906
vn 0.2563 0.0968 0.9617
vn -0.0441 -0.0876 0.9952
vn 0.0097 -0.0888 -0.9960
vn 0.0915 0.3385 -0.9365
vn -0.0005 -0.0969 0.9953
vn 0.0682 -0.1552 -0.9855
vn -0.0684 0.3465 -0.9355
vn 0.1369 -0.0082 -0.9906
vn 0.1380 -0.0757 0.9875
vn 0.0753 0.0491 -0.9960
vn 0.1369 0.0082 0.9905
vn -0.2563 -0.0968 0.9617
vn -0.0005 0.0969 -0.9953
vn 0.0682 0.1552 0.9855
vn -0.0684 -0.3466 0.9355
vn 0.0914 0.3385 -0.9365
vn -0.0684 0.3466 -0.9355
vn 0.7640 -0.3926 -0.5121
vn 0.7298 -0.1429 -0.6686
vn 0.7179 -0.1786 0.6728
vn 0.0060 0.0335 0.9994
vn -0.0690 0.0337 -0.9970
vn 0.2075 -0.2587 -0.9434
vn 0.8834 0.0514 0.4658
vn 0.5950 0.5674 -0.5693
vn 0.5607 0.5511 0.6180
vn 0.4357 -0.8992 -0.0389
vn 0.3015 -0.9453 0.1246
vn 0.3079 -0.9377 -0.1610
vn 0.0298 0.9869 -0.1584
vn -0.2512 0.9100 -0.3298
vn -0.2619 0.9050 0.3352
vn -0.0289 -0.0093 0.9995
vn -0.0031 -0.1532 -0.9882
vn 0.9495 -0.3079 -0.0601
vn 0.9513 -0.2737 -0.1418
vn 0.9426 -0.2825 0.1782
vn -0.4350 0.6168 -0.6560
vn -0.9625 -0.1982 -0.1854
vn -0.9633 -0.1953 0.1841
vn 0.0086 -0.0313 0.9995
vn 0.0719 0.0095 -0.9974
vn 0.0465 0.9881 -0.1469
vn 0.3241 0.9426 -0.0801
vn 0.3298 0.9206 0.2091
vn 0.0041 0.0291 -0.9996
vn 0.0850 -0.0044 0.9964
vn -0.2504 -0.0961 0.9634
vn -0.1360 -0.9020 -0.4097
vn 0.5117 -0.4632 -0.7236
vn -0.0656 0.1418 0.9877
vn 0.9401 -0.3345 -0.0656
vn 0.9598 -0.2523 -0.1234
vn 0.9588 -0.2539 0.1278
vn 0.5520 -0.8081 0.2056
vn -0.2281 -0.8169 0.5298
vn -0.1481 -0.2860 -0.9467
vn 0.4913 -0.6940 -0.5263
vn 0.2512 -0.8681 0.4281
vn 0.2192 -0.8424 -0.4922
vn 0.4689 -0.8790 0.0870
vn 0.1946 -0.9004 -0.3892
vn 0.2287 -0.9481 0.2209
vn -0.0594 -0.1676 0.9841
vn 0.0396 0.3337 0.9419
vn 0.0266 -0.0025 -0.9996
vn 0.2204 0.7559 0.6164
vn -0.0340 -0.0268 -0.9991
vn -0.0108 -0.1383 0.9903
vn 0.8283 0.2492 0.5018
vn -0.0399 -0.0844 -0.9956
vn 0.5195 -0.0551 0.8527
vn -0.9913 0.1124 -0.0684
vn -0.1470 -0.4232 -0.8940
vn -0.0640 -0.4061 0.9116
vn -0.9168 0.0040 0.3994
vn -0.1336 0.7909 -0.5972
vn 0.1451 -0.1360 0.9800
vn -0.7886 -0.6142 0.0294
vn 0.1646 0.0458 -0.9853
vn 0.1081 0.0287 0.9937
vn -0.2044 -0.6891 0.6952
vn 0.0339 0.0266 -0.9991
vn 0.0093 0.1330 0.9911
vn 0.1497 0.1316 -0.9799
vn 0.0235 -0.9322 -0.3612
vn -0.7296 -0.5499 0.4065
vn -0.2548 0.9566 0.1413
vn -0.3225 0.8838 0.3388
vn -0.3225 0.9198 -0.2234
vn 0.4213 -0.9023 0.0913
vn 0.2431 -0.9521 -0.1853
vn 0.2689 -0.9617 -0.0533
vn -0.4288 0.7584 -0.4908
vn -0.3640 0.2653 -0.8928
vn -0.5996 0.5306 0.5991
vn 0.2275 0.7869 0.5736
vn -0.0341 -0.0274 -0.9990
vn -0.0118 -0.1419 0.9898
vn 0.0850 0.3625 -0.9281
vn 0.4359 0.3165 0.8425
vn 0.0352 0.0093 -0.9993
vn -0.8746 -0.4820 -0.0532
vn -0.1067 -0.6488 -0.7535
vn -0.1627 -0.6877 0.7075
vn 0.0849 -0.0044 0.9964
vn -0.9513 0.2837 0.1208
vn -0.5316 0.6005 -0.5973
vn -0.5505 0.6059 0.5744
vt 0.002010 0.997583
vt 0.996119 0.995049
vt 0.004300 0.995588
vt 0.997374 0.505671
vt 0.998231 0.990343
vt 0.745297 0.507840
vt 0.995132 0.991678
vt 0.994813 0.991675
vt 0.510918 0.993099
vt 0.504775 0.495964
vt 0.001230 0.007412
vt 0.499860 0.002621
vt 0.998863 0.996760
vt 0.255875 0.998665
vt 0.998992 0.993387
vt 0.409165 0.995699
vt 0.998310 0.990426
vt 0.742343 0.507040
vt 0.504581 0.495766
vt 0.002361 0.994417
vt 0.996259 0.995032
vt 0.862118 0.604904
vt 0.641836 0.605640
vt 0.681318 0.523462
vt 0.845769 0.537502
vt 0.920341 0.991548
vt 0.634287 0.665662
vt 0.541080 0.976849
vt 0.578888 0.976029
vt 0.666665 0.995967
vt 0.754457 0.733022
vt 0.648090 0.678248
vt 0.859152 0.630406
vt 0.694694 0.518691
vt 0.860878 0.976394
vt 0.906986 0.977764
vt 0.939835 0.989662
vt 0.656741 0.981899
vt 0.871003 0.505324
vt 0.823242 0.615873
vt 0.629568 0.506794
vt 0.629536 0.745006
vt 0.871287 0.744086
vt 0.626455 0.504380
vt 0.625001 0.502547
vt 0.626890 0.745890
vt 0.624997 0.746363
vt 0.625000 0.500595
vt 0.625000 0.749924
vt 0.625000 0.611221
vt 0.625000 0.500028
vt 0.625000 0.749931
vt 0.625000 0.749879
vt 0.625000 0.749915
vt 0.625000 0.501754
vt 0.625000 0.502150
vt 0.625000 0.500000
vt 0.625000 0.500549
vt 0.984304 0.995998
vt 0.489669 0.997111
vt 0.022468 0.893324
vt 0.935105 0.454741
vt 0.040008 0.454595
vt 0.028805 0.453903
vt 0.046757 0.544591
vt 0.030681 0.541417
vt 0.945012 0.543833
vt 0.049119 0.104857
vt 0.682575 0.454877
vt 0.020614 0.995521
vt 0.019963 0.902533
vt 0.043045 0.996215
vt 0.966311 0.893383
vt 0.472277 0.992993
vt 0.375510 0.904356
vt 0.490643 0.002294
vt 0.471248 0.095565
vt 0.371565 0.003698
vt 0.958543 0.104643
vt 0.022933 0.003807
vt 0.324451 0.542891
vt 0.952940 0.454576
vt 0.032304 0.502407
vt 0.048366 0.959843
vt 0.973208 0.489810
vt 0.961875 0.964293
vt 0.968817 0.106614
vt 0.970478 0.892075
vt 0.021329 0.105639
vt 0.928926 0.002487
vt 0.973154 0.452877
vt 0.937217 0.996762
vt 0.968605 0.541389
vt 0.963626 0.499716
vt 0.950995 0.957312
vt 0.026839 0.454787
vt 0.782519 0.117487
vt 0.863853 0.927673
vt 0.735422 0.874434
vt 0.471005 0.943370
vt 0.183106 0.032696
vt 0.581354 0.089675
vt 0.202011 0.443670
vt 0.825603 0.285394
vt 0.089282 0.950650
vt 0.636143 0.442165
vt 0.227454 0.679750
vt 0.282941 0.148799
vt 0.071550 0.132276
vt 0.465343 0.162600
vt 0.707483 0.146123
vt 0.667144 0.819133
vt 0.114633 0.565726
vt 0.178093 0.394011
vt 0.873436 0.427200
vt 0.922837 0.502723
vt 0.702573 0.924055
vt 0.505819 0.910763
vt 0.500047 0.487373
vt 0.132536 0.587653
vt 0.886753 0.211397
vt 0.878277 0.422680
vt 0.072572 0.473594
vt 0.799295 0.681429
vt 0.652077 0.857519
vt 0.640499 0.118509
vt 0.117392 0.515644
vt 0.550504 0.872478
vt 0.918434 0.433090
vt 0.224812 0.333746
vt 0.708484 0.833317
vt 0.799524 0.157818
vt 0.597155 0.897464
vt 0.953141 0.222878
vt 0.011273 0.205981
vt 0.177875 0.114849
vt 0.148339 0.779751
vt 0.072942 0.739796
vt 0.385784 0.779966
vt 0.491856 0.131779
vt 0.567632 0.601097
vt 0.617000 0.717864
vt 0.680344 0.237091
vt 0.158198 0.270585
vt 0.758483 0.221288
vt 0.167525 0.644285
vt 0.922825 0.497617
vt 0.711513 0.842301
vt 0.780378 0.399574
vt 0.921871 0.506332
vt 0.411436 0.098822
vt 0.170780 0.625835
vt 0.815083 0.604190
vt 0.211277 0.714428
vt 0.116439 0.508155
vt 0.885320 0.513629
vt 0.315206 0.150653
vt 0.792915 0.866927
vt 0.651550 0.508133
vt 0.817478 0.107533
vt 0.952018 0.121834
vt 0.675190 0.798062
vt 0.041433 0.786629
vt 0.072315 0.373471
vt 0.130471 0.274227
vt 0.674699 0.911505
vt 0.337139 0.628258
vt 0.470047 0.116847
vt 0.663132 0.372357
vt 0.177365 0.231441
vt 0.676195 0.102039
vt 0.894557 0.463699
vt 0.555713 0.849101
vt 0.614774 0.905144
vt 0.320871 0.155228
vt 0.572332 0.504580
vt 0.222421 0.199429
vt 0.855509 0.375017
vt 0.486065 0.884723
vt 0.408531 0.907298
vt 0.810680 0.432703
vt 0.099163 0.441823
vt 0.751630 0.491376
vt 0.113026 0.511653
vt 0.771036 0.732420
vt 0.666669 0.995969
vt 0.678809 0.714012
vt 0.689062 0.542636
vt 0.863784 0.650443
vt 0.643092 1.000000
vt 0.821186 0.744435
vt 0.626614 0.745506
vt 0.629590 0.744794
vt 0.825228 0.505161
vt 0.870796 0.625009
vt 0.629353 0.505835
vt 0.626399 0.504479
vt 0.625000 0.500475
vt 0.625000 0.500535
vt 0.625000 0.500030
vt 0.624998 0.631670
vt 0.625000 0.745295
vt 0.625000 0.501389
vt 0.625000 0.749927
vt 0.625000 0.749941
vt 0.625000 0.749933
vt 0.625000 0.502052
vt 0.490535 0.996788
vt 0.983165 0.996052
vt 0.025466 0.892610
vt 0.959376 0.454428
vt 0.040479 0.454594
vt 0.953958 0.454578
vt 0.030970 0.541457
vt 0.050299 0.543976
vt 0.276383 0.543233
vt 0.691150 0.543045
vt 0.696834 0.454874
vt 0.973986 0.893202
vt 0.954954 0.104681
vt 0.462177 0.904731
vt 0.425260 0.994821
vt 0.463833 0.003785
vt 0.429435 0.095417
vt 0.055696 0.104467
vt 0.024893 0.454714
vt 0.969152 0.541313
vt 0.031496 0.500941
vt 0.973909 0.489875
vt 0.042951 0.958212
vt 0.956847 0.966306
vt 0.981711 0.105234
vt 0.033287 0.891782
vt 0.960176 0.891586
vt 0.028596 0.453904
vt 0.931225 0.002702
vt 0.026172 0.002992
vt 0.924767 0.003848
vt 0.953757 0.956152
vt 0.067557 0.997568
vt 0.949252 0.544266
vt 0.959476 0.501502
vt 0.957889 0.964649
vt 0.856617 0.081943
vt 0.473974 0.874962
vt 0.293215 0.932772
vt 0.236551 0.033007
vt 0.042428 0.954586
vt 0.528389 0.946095
vt 0.594630 0.095618
vt 0.234990 0.270444
vt 0.861608 0.521311
vt 0.532706 0.872952
vt 0.948685 0.074579
vt 0.875901 0.233027
vt 0.027010 0.870703
vt 0.198390 0.465929
vt 0.073342 0.081509
vt 0.475662 0.117272
vt 0.349391 0.622330
vt 0.586594 0.857293
vt 0.679125 0.505146
vt 0.542170 0.135454
vt 0.654162 0.927469
vt 0.089756 0.547706
vt 0.501484 0.893228
vt 0.898311 0.462358
vt 0.501325 0.107086
vt 0.600677 0.899421
vt 0.214003 0.319785
vt 0.841393 0.458371
vt 0.917067 0.443097
vt 0.072990 0.479227
vt 0.000000 0.441200
vt 0.659082 0.684955
vt 0.868039 0.482887
vt 0.202583 0.691290
vt 0.190658 0.570345
vt 0.820483 0.425574
vt 0.320151 0.122282
vt 0.713516 0.841215
vt 0.629924 0.467773
vt 0.692011 0.896934
vt 0.047624 0.178922
vt 0.045332 0.842851
vt 0.154248 0.515179
vt 0.219534 0.077521
vt 0.603183 0.171829
vt 0.620957 0.819495
vt 0.495887 0.347956
vt 0.952054 0.122080
vt 0.424424 0.770162
vt 0.480218 0.119745
vt 0.149030 0.712223
vt 0.922826 0.497616
vt 0.676207 0.102040
vt 0.469469 0.841817
vt 0.175241 0.348353
vt 0.875344 0.415043
vt 0.779883 0.622282
vt 0.215642 0.284836
vt 0.918446 0.415556
vt 0.202221 0.215150
vt 0.011957 0.457300
vt 0.766249 0.799247
vt 0.722047 0.189047
vt 0.150040 0.546710
vt 0.124041 0.512347
vt 0.791751 0.285449
vt 0.048938 0.197033
vt 0.051521 0.706544
vt 0.195249 0.601856
vt 0.449875 0.782085
vt 0.338491 0.087412
vt 0.476931 0.529976
vt 0.642556 0.315041
vt 0.721666 0.354170
vt 0.798714 0.859940
vt 0.593787 0.905036
vt 0.921649 0.529974
vt 0.501324 0.107090
vt 0.688126 0.888763
vt 0.101531 0.482301
vt 0.636925 0.163591
vt 0.547605 0.869144
vt 0.772699 0.629579
vt 0.566096 0.564053
vt 0.764338 0.203643
vt 0.099584 0.358447
vt 0.142009 0.396518
vt 0.757876 0.234449
vt 0.860168 0.321177
vt 0.650299 0.810489
vt 0.098578 0.449222
vt 0.602582 0.846555
vt 0.214506 0.060492
vt 0.248563 0.321017
vt 0.032465 0.324965
vt 0.336474 0.018304
vt 0.538383 0.488375
vt 0.603891 0.101279
vt 0.778210 0.786157
vt 0.478133 0.967766
vt 0.939164 0.478421
vt 0.928442 0.675042
vt 0.209758 0.676385
vt 0.230439 0.467336
vt 0.222182 0.792424
vt 0.501173 0.801644
vt 0.460753 0.763724
vt 0.267704 0.196173
vt 0.853453 0.254993
vt 0.862988 0.491641
vt 0.191803 0.492915
vt 0.419650 0.632971
vt 0.211632 0.901421
vt 0.180107 0.089515
vt 0.007946 0.020643
vt 0.749943 0.064653
vt 0.671569 0.065281
vt 0.992311 0.974487
vt 0.923151 0.303778
vt 0.206052 0.979769
vt 0.653424 0.903992
vt 0.011513 0.982224
vt 0.966280 0.023320
vt 0.904090 0.013615
vt 0.826305 0.944283
vt 0.842638 0.088118
vt 0.565504 0.495105
vt 0.010581 0.494296
vt 0.001186 0.006837
vt 0.994323 0.008887
vt 0.012523 0.501244
vt 0.014110 0.009097
vt 0.994818 0.494824
vt 0.007624 0.494548
vt 0.510091 0.459577
vt 0.005206 0.710706
vt 0.242644 0.226853
vt 0.988001 0.712656
vt 0.009148 0.979723
vt 0.994967 0.493407
vt 0.005626 0.986548
vt 0.992588 0.498184
vt 0.494203 0.033713
vt 0.268300 0.249999
vt 0.194761 0.841735
vt 0.198405 0.077555
vt 0.297648 0.055928
vt 0.742444 0.161351
vt 0.685744 0.923426
vt 0.606745 0.216339
vt 0.473786 0.157036
vt 0.527465 0.714296
vt 0.487804 0.735900
vt 0.507613 0.265785
vt 0.358700 0.758574
vt 0.789267 0.637644
vt 0.309324 0.377100
vt 0.429958 0.728766
vt 0.313821 0.764553
vt 0.634726 0.287614
vt 0.449470 0.489297
vt 0.916883 0.489410
vt 0.421760 0.457085
vt 0.396685 0.364977
vt 0.399549 0.417533
vt 0.498303 0.489454
vt 0.108355 0.379086
vt 0.295970 0.257762
vt 0.056965 0.489596
vt 0.957485 0.489527
vt 0.941018 0.489447
vt 0.184227 0.489579
vt 0.513069 0.489221
vt 0.499298 0.489261
vt 0.500506 0.489403
vt 0.086485 0.337951
vt 0.638777 0.489261
vt 0.362428 0.285910
vt 0.059628 0.489568
vt 0.994958 0.970674
vt 0.003856 0.005757
vt 0.992235 0.003877
vt 0.468667 0.158623
vt 0.921789 0.039402
vt 0.505543 0.248083
vt 0.471087 0.581184
vt 0.504013 0.500727
vt 0.689921 0.584085
vt 0.030530 0.157556
vt 0.030776 0.915388
vt 0.690438 0.916521
vt 0.011652 0.995881
vt 0.938382 0.972150
vt 0.001368 0.007381
vt 0.983861 0.503415
vt 0.992584 0.996358
vt 0.059285 0.981589
vt 0.998453 0.007975
vt 0.106934 0.022586
vt 0.494175 0.248242
vt 0.942306 0.970274
vt 0.001541 0.982438
vt 0.000775 0.020007
vt 0.245854 0.050609
vt 0.145405 0.025645
vt 0.029139 0.970076
vt 0.015512 0.244879
vt 0.494448 0.248285
vt 0.445091 0.046873
vt 0.915178 0.039232
vt 0.468713 0.158636
vt 0.505611 0.248703
vt 0.504379 0.500573
vt 0.471066 0.581123
vt 0.689590 0.584166
vt 0.020558 0.509112
vt 0.059099 0.981567
vt 0.494058 0.500115
vt 0.958599 0.236798
vt 0.030616 0.157182
vt 0.690105 0.915975
vt 0.030779 0.915110
vt 0.003599 0.989480
vt 0.932026 0.973482
vt 0.001451 0.007492
vt 0.985612 0.503579
vt 0.976947 0.972029
vt 0.986777 0.997175
vt 0.998745 0.016778
vt 0.001228 0.044595
vt 0.877282 0.963179
vt 0.004146 0.009437
vt 0.996539 0.973475
vt 0.997111 0.059295
vt 0.985568 0.069490
vt 0.501597 0.942081
vt 0.481180 0.971093
vt 0.277036 0.015297
vt 0.338649 0.403939
vt 0.726796 0.058744
vt 0.313340 0.059924
vt 0.937199 0.944132
vt 0.951653 0.042958
vt 0.331354 0.038882
vt 0.002142 0.008015
vt 0.311589 0.049852
vt 0.997822 0.007958
vt 0.902584 0.142979
vt 0.902317 0.144771
vt 0.240720 0.968114
vt 0.253667 0.856527
vt 0.256627 0.855009
vt 0.240391 0.967787
vt 0.684730 0.167873
vt 0.269481 0.183095
vt 0.005323 0.459712
vt 0.425826 0.040493
vt 0.460957 0.038646
vt 0.334516 0.074413
vt 0.657304 1.032143
vt 0.996246 0.030882
vt 0.996372 0.968363
vt 0.704173 0.983054
vt 0.703748 0.008218
vt 0.684689 0.169246
vt 0.025635 0.166714
vt 0.269732 0.183214
vt 0.944514 0.934857
vt 0.998387 0.007614
vt 0.692075 0.050664
vt 0.012417 0.468915
vt 0.008524 0.032264
vt 0.008910 0.970407
vt 0.009646 0.037269
vt 0.988916 0.021725
vt 0.482834 0.066455
vt 0.657235 1.128099
vt 0.999665 0.918599
vt 0.995940 0.027661
vt 0.835082 0.991812
vt 0.703870 0.005411
vt 0.330542 0.958213
vt 0.941306 0.043258
vt 0.944709 0.943857
vt 0.998164 0.017910
vt 0.988541 0.996047
vt 0.112217 0.024585
vt 0.589417 0.539851
vt 0.688885 0.915735
vt 0.471164 0.581349
vt 0.030550 0.156722
vt 0.905995 0.039936
vt 0.469295 0.156237
vt 0.031191 0.914401
vt 0.939070 0.971986
vt 0.006939 0.995560
vt 0.001278 0.005738
vt 0.983595 0.503510
vt 0.949179 0.970623
vt 0.505643 0.248676
vt 0.987919 0.070032
vt 0.503428 0.006456
vt 0.022485 0.510121
vt 0.491497 0.982901
vt 0.494374 0.500376
vt 0.495186 0.247954
vt 0.758716 0.170919
vt 0.503509 0.995767
vt 0.867734 0.036226
vt 0.908247 0.971385
vt 0.001189 0.956432
vt 0.001026 0.043441
vt 0.700049 0.470876
vt 0.335286 0.113046
vt 0.478849 0.832471
vt 0.382237 0.055890
vt 0.504030 0.679731
vt 0.433231 0.395818
vt 0.703535 0.344741
vt 0.680470 0.886401
vt 0.502457 0.630544
vt 0.719611 0.007385
vt 0.928326 0.014567
vt 0.679016 0.958179
vt 0.423873 0.013689
vt 0.628564 0.884884
vt 0.413436 0.701328
vt 0.629000 0.483848
vt 0.193288 0.476844
vt 0.137223 0.788662
vt 0.450034 0.869893
vt 0.735882 0.871781
vt 0.374134 0.873057
vt 0.106301 0.429106
vt 0.345977 0.723017
vt 0.761539 0.286628
vt 0.713964 0.671826
vt 0.246443 0.262571
vt 0.426113 0.107835
vt 0.850872 0.610482
vt 0.265553 0.422239
vt 0.995856 0.008812
vt 0.990185 0.990459
vt 0.021560 0.988897
vt 0.021329 0.010897
vt 0.989094 0.962881
vt 0.005816 0.001797
vt 0.962267 0.001673
vt 0.810266 0.108868
vt 0.203738 0.789499
vt 0.210358 0.182357
vt 0.169006 0.992470
vt 0.974364 0.905319
vt 0.150023 0.941157
vt 0.148869 0.056576
vt 0.982834 0.170294
vt 1.044137 0.126460
vt 0.761868 0.011298
vt 0.837500 0.199096
vt 0.308948 0.001584
vt 0.518764 0.126878
vt 0.171464 0.126144
vt 0.677841 0.008860
vt 0.823881 0.189719
vt 0.567975 0.996804
vt 0.640664 0.874640
vt 0.979612 0.874204
vt 0.790805 0.607255
vt 1.047212 0.668158
vt 0.158849 0.667698
vt 0.347569 0.886219
vt 0.118387 0.874093
vt 0.433895 0.627231
vt 1.054145 0.248823
vt 0.175528 0.248405
vt 0.477970 0.246103
vt 0.992868 0.400236
vt 0.626252 0.546281
vt 0.337149 0.796977
vt 1.069893 0.906436
vt 1.083191 0.004540
vt 0.833322 0.069841
vt 0.124211 0.399686
vt 0.222462 0.859410
vt 0.548355 0.244719
vt 0.258333 0.475540
vt 0.540440 0.217816
vt 0.759232 0.796852
vt 0.752902 0.602340
vt 0.211723 0.302727
vt 0.147184 0.486669
vt 0.496696 0.800183
vt 0.500938 0.803759
vt 0.495354 0.205788
vt 0.856966 0.507591
vt 0.493405 0.207773
vt 0.449170 0.319428
vt 0.604613 0.295182
vt 0.929285 0.430456
vt 0.101472 0.215177
vt 0.316582 0.461900
vt 0.137704 0.087142
vt 0.512586 0.865189
vt 1.067650 0.780600
vt 0.990412 0.885440
vt 0.196145 0.491007
vt 0.864070 0.420770
vt 0.774510 0.490984
vt 0.596944 0.165933
vt 0.174483 0.510557
vt 0.498743 0.802470
vt 0.514577 0.201027
vt 0.487811 0.205146
vt 0.871157 0.501336
vt 0.502450 0.794995
vt 0.482806 0.801225
vt 0.021924 0.509543
vt 0.052235 0.985275
vt 0.494182 0.500506
vt 0.487358 0.978920
vt 0.031251 0.914480
vt 0.690397 0.584079
vt 0.471138 0.580928
vt 0.993307 0.996168
vt 0.998498 0.007611
vt 0.689438 0.916104
vt 0.003283 0.990336
vt 0.921395 0.975907
vt 0.030528 0.156945
vt 0.985513 0.503310
vt 0.504031 0.501164
vt 0.468759 0.157935
vt 0.906932 0.037146
vt 0.507026 0.248297
vt 0.627277 0.127142
vt 0.494353 0.248360
vt 0.110320 0.019871
vt 0.025983 0.972386
vt 0.246313 0.489288
vt 0.995647 0.955300
vt 0.004267 0.006315
vt 0.985619 0.078610
vt 0.503435 0.006324
vt 0.915817 0.977359
vt 0.504331 0.500852
vt 0.502129 0.953897
vt 0.887161 0.968093
vt 0.871853 0.036113
vt 0.000728 0.954322
vt 0.318682 0.787638
vt 0.632738 0.886490
vt 0.856798 0.783542
vt 1.061506 0.791560
vt 0.326846 0.454344
vt 0.456676 0.270810
vt 0.152599 0.400731
vt 0.582726 0.173437
vt 0.122065 0.119928
vt 0.457639 0.579022
vt 0.599142 0.192776
vt 0.180161 0.579352
vt 0.759486 0.450497
vt 0.851200 0.488027
vt 0.485929 0.795322
vt 0.499529 0.803131
vt 0.515054 0.202344
vt 0.490018 0.197374
vt 0.131525 0.500290
vt 0.951520 0.375922
vt 0.607817 0.216470
vt 0.684459 0.137964
vt 0.139568 0.857312
vt 0.501117 0.855532
vt 0.688906 0.369634
vt 0.112135 0.215265
vt 0.460199 0.181702
vt 0.133201 0.508814
vt 0.819095 0.815958
vt 1.050956 0.859886
vt 0.250011 0.390405
vt 0.661318 0.440428
vt 0.505033 0.795220
vt 0.181901 0.720847
vt 0.495927 0.793370
vt 0.491724 0.191923
vt 0.507701 0.207862
vt 0.636273 0.143408
vt 0.590698 0.867623
vt 0.967681 0.862045
vt 0.798504 0.239503
vt 0.480409 0.191506
vt 0.129264 0.249877
vt 0.100204 0.862202
vt 0.319121 0.848596
vt 0.161240 0.372881
vt 0.868291 0.412145
vt 0.748642 0.573846
vt 0.174679 0.439645
vt 0.494320 0.790208
vt 0.834284 0.519997
vt 0.145069 0.480075
vt 0.561637 0.793937
vt 0.503289 0.203758
vt 0.406599 0.204387
vt 0.530677 0.801666
vt 0.649660 0.784602
vt 0.980911 0.538246
vt 0.376526 0.835000
vt 0.453799 0.556185
vt 0.301158 0.786736
vt 0.772655 0.606160
vt 0.171040 0.413890
vt 0.656365 0.272227
vt 0.198927 0.132832
vt 0.118886 0.535186
vt 0.584551 0.261220
vt 0.609305 0.333212
vt 0.329847 0.756313
vt 0.499195 0.799975
vt 0.172621 0.511239
vt 0.489349 0.200573
vt 0.883787 0.509632
vt 0.507014 0.797132
vt 0.570639 0.201498
vt 0.036271 0.083869
vt 0.218137 0.229136
vt 0.036296 0.083930
vt 0.994171 0.023086
vt 0.995149 0.024072
vt 0.128013 0.013969
vt 0.927105 0.022287
vt 0.896483 0.979505
vt 0.007383 0.016651
vt 0.974522 0.017589
vt 0.966617 0.968690
vt 0.980746 0.981105
vt 0.207783 0.219755
vt 0.700544 0.080532
vt 0.893346 0.014118
vt 0.922541 0.115244
vt 0.705786 0.081416
vt 0.007392 0.016119
vt 0.008396 0.983055
vt 0.014366 0.979351
vt 0.054186 0.015140
vt 0.090193 0.398091
vt 0.245612 0.252410
vt 0.403345 0.385633
vt 0.127673 0.974690
vt 0.965207 0.506034
vt 0.118323 0.524451
vt 0.484331 0.977020
vt 0.851883 0.749464
vt 0.069956 0.507825
vt 0.948290 0.975919
vt 0.003058 0.995186
vt 0.771158 0.724228
vt 0.165913 0.982302
vt 0.985820 0.010820
vt 0.478073 0.478555
vt 0.509529 0.972049
vt 0.499683 0.977609
vt 0.977947 0.974756
vt 0.592230 0.978721
vt 0.914736 0.967652
vt 0.825160 0.747486
vt 0.171669 0.516648
vt 0.995556 0.498355
vt 0.018709 0.497481
vt 0.129974 0.307192
vt 0.414498 0.354450
vt 0.007283 0.981202
vt 0.924581 0.971652
vt 0.935763 0.506429
vt 0.531404 0.978427
vt 0.128633 0.524639
vt 0.885900 0.748258
vt 0.469708 0.978383
vt 0.087583 0.510783
vt 0.467152 0.467736
vt 0.824811 0.741439
vt 0.215560 0.973643
vt 0.987681 0.010070
vt 0.011906 0.983700
vt 0.996181 0.499436
vt 0.807067 0.689575
vt 0.978026 0.971149
vt 0.016514 0.497963
vt 0.166957 0.516132
vt 0.153507 0.442035
vt 0.018084 0.509045
vt 0.060236 0.995509
vt 0.024388 0.675800
vt 0.005214 0.489565
vt 0.060596 0.999706
vt 0.018450 0.545346
vt 0.962108 0.997433
vt 0.062587 0.136536
vt 0.019548 0.047857
vt 0.971272 0.998083
vt 0.061674 0.761255
vt 0.962840 0.997241
vt 0.958816 0.996922
vt 0.063344 0.065517
vt 0.016869 0.478761
vt 0.026257 0.596587
vt 0.031517 0.703737
vt 0.970989 0.998222
vt 0.016222 0.494261
vt 0.001215 0.460400
vt 0.981952 0.482435
vt 0.973347 0.375475
vt 0.939438 0.563570
vt 0.939486 0.931988
vt 0.983059 0.493358
vt 0.975259 0.669369
vt 0.970574 0.393510
vt 0.300862 1.000000
vt 0.678587 0.041887
vt 1.000000 0.500000
vt 0.204355 0.000000
vt 0.353589 0.969837
vt 0.000000 0.500000
vt 0.269784 0.000000
vt 0.267516 0.965830
vt 0.212026 0.000000
vt 0.352957 0.962741
vt 0.000000 0.500001
vt 0.269770 0.000000
vt 0.267528 0.965825
vt 0.259380 0.000000
vt 0.300381 0.955864
vt 0.550225 1.000000
vt 0.000000 0.500005
vt 0.587926 0.041888
vt 0.550224 0.000000
vt 0.509219 0.962737
vt 0.449765 0.000000
vt 0.412079 0.958106
vt 0.550244 1.000000
vt 0.587944 0.041888
vt 0.568988 0.000000
vt 0.534663 0.969838
vt 0.430996 0.000000
vt 0.401536 0.965822
vt 0.550227 0.000000
vt 0.509231 0.962744
vt 0.431002 1.000000
vt 0.465329 0.030162
vt 0.449779 0.000000
vt 0.412094 0.958106
vt 0.502231 0.992623
vt 0.741314 0.997503
vt 0.005295 0.993829
vt 0.002238 0.994894
vt 0.001035 0.996421
vt 0.498637 0.995502
vt 0.498644 0.995518
vt 0.499861 0.002410
vt 0.997444 0.504442
vt 0.001232 0.007427
vt 0.001014 0.996344
vt 0.969388 0.003983
vt 0.750103 0.543468
vt 0.018580 0.962021
vt 0.029955 0.892056
vt 0.020128 0.003290
vt 0.068303 0.997441
vt 0.959374 0.454428
vt 0.963209 0.026522
vt 0.786789 0.906897
vt 0.951540 0.087145
vt 0.508873 0.851923
vt 0.000000 0.914616
vt 0.153450 0.721174
vt 0.600197 0.829902
vt 0.153446 0.721170
vt 0.157221 0.652124
vt 0.625000 0.501437
vt 0.025006 0.996164
vt 0.019247 0.003919
vt 0.935102 0.454741
vt 0.021472 0.105807
vt 0.971302 0.452895
vt 0.705730 0.997598
vt 0.043625 0.176407
vt 0.114593 0.550791
vt 0.742794 0.855800
vt 0.675189 0.798061
vt 0.938793 0.109991
vt 0.137618 0.369553
vt 0.938224 0.324128
vt 0.027530 0.674841
vt 0.006491 0.992869
vt 0.035646 0.432423
vt 0.259049 0.012680
vt 0.507450 0.836150
vt 0.479240 0.681247
vt 0.761061 0.985491
vt 0.006162 0.982514
vt 0.990246 0.978370
vt 0.988839 0.983236
vt 0.484616 0.270908
vt 0.012221 0.489562
vt 0.248767 0.455916
vt 0.014541 0.489522
vt 0.694015 0.148522
vt 0.018658 0.508594
vt 0.494991 0.500150
vt 0.245585 0.549945
vt 0.047641 0.968140
vt 0.013226 0.246005
vt 0.080996 0.044803
vt 0.002989 0.963018
vt 0.960029 0.974420
vt 0.503469 0.995245
vt 0.985548 0.070502
vt 0.491373 0.982672
vt 0.503091 0.015083
vt 0.770541 0.023340
vt 0.244761 0.969065
vt 0.000700 0.972388
vt 0.503009 0.016733
vt 0.024605 0.165800
vt 0.936769 0.926999
vt 0.704580 0.144402
vt 0.689585 0.061973
vt 0.989296 0.021960
vt 0.008566 0.968498
vt 0.329880 0.984390
vt 0.002320 0.008223
vt 0.331902 0.032715
vt 0.336106 0.080618
vt 0.665026 0.069356
vt 0.246324 0.653308
vt 0.029361 0.974155
vt 0.013598 0.246410
vt 0.046993 0.985257
vt 0.993429 0.985249
vt 0.001614 0.988690
vt 0.995953 0.021837
vt 0.002052 0.044076
vt 0.000000 0.878961
vt 0.040898 0.013970
vt 0.664096 0.845588
vt 0.012652 0.653955
vt 0.369812 0.891686
vt 0.858443 0.342376
vt 0.011101 0.962984
vt 0.009116 0.001615
vt 0.993923 0.001179
vt 0.013483 0.991656
vt 0.014022 0.001040
vt 0.991911 0.002075
vt 0.828542 0.991955
vt 0.987294 0.991670
vt 0.979649 0.829400
vt 0.974349 0.094643
vt 0.090801 0.888524
vt 0.204271 0.312627
vt 0.090474 0.036296
vt 0.012223 0.245580
vt 0.001350 0.007702
vt 0.001233 0.019119
vt 0.995693 0.017708
vt 0.712182 0.133432
vt 1.004934 0.399724
vt 0.112014 0.062202
vt 0.783029 0.633973
vt 0.911292 0.175061
vt 1.083118 0.789967
vt 0.058861 0.024595
vt 0.007275 0.983730
vt 0.973596 0.020064
vt 0.899870 0.980399
vt 0.019792 0.979575
vt 0.003222 0.995801
vt 0.010932 0.507454
vt 0.969521 0.998991
vt 0.019024 0.541721
vt 0.000884 0.510512
vt 0.016417 0.576548
vt 0.018969 0.047354
vt 0.062585 0.557916
vt 0.060560 0.886014
vt 0.766362 0.000000
vt 0.551640 0.951618
vt 0.000000 0.468501
vt 0.763047 0.000000
vt 0.534076 0.967908
vt 0.000000 0.470898
vt 0.787971 0.000000
vt 0.210767 0.962744
vt 0.499994 1.000000
vt 0.687223 0.048377
vt 1.000000 0.531499
vt 0.569003 0.000000
vt 0.598462 0.965825
vt 0.499984 1.000000
vt 0.711047 0.032091
vt 1.000000 0.529102
vt 0.766364 0.000000
vt 1.000000 0.469512
vt 0.238855 0.951617
vt 0.568969 0.000000
vt 0.602067 0.963889
vt 0.000000 0.470146
vt 0.763043 0.000000
vt 0.534078 0.967905
vt 0.401544 0.034173
vt 0.449775 0.000000
vt 0.490783 0.962736
vt 0.766352 0.000000
vt 0.551631 0.951622
vt 0.568998 0.000000
vt 0.598455 0.965828
vt 0.431030 1.000000
vt 0.401573 0.034172
vt 0.499992 1.000000
vt 0.687225 0.048381
vt 1.000000 0.531500
vt 0.763044 0.000000
vt 0.449756 0.000000
vt 0.490761 0.962741
vt 0.766348 0.000000
vt 0.551635 0.951625
vt 0.569022 0.000000
vt 0.598478 0.965827
vt 0.711048 0.032086
vt 1.000000 0.529101
vt 1.000000 0.531495
vt 0.687216 0.048384
vt 0.500006 1.000000
vt 0.550250 1.000000
vt 0.587924 0.041884
vt 0.000000 0.499996
vt 1.000000 0.499995
vt 0.534666 0.030162
vt 0.568989 1.000000
vt 0.000000 0.470893
vt 0.534086 0.967912
vt 0.763036 0.000000
vt 0.401526 0.034169
vt 0.430979 1.000000
vt 0.449771 1.000000
vt 0.490768 0.037255
vt 0.000000 0.499995
vt 1.000000 0.531494
vt 0.687225 0.048376
vt 1.000000 0.499996
vt 0.509246 0.037258
vt 0.569004 1.000000
vt 0.598462 0.034174
vt 1.000000 0.529097
vt 0.711048 0.032091
vt 0.431027 0.000000
vt 0.397933 0.963886
vt 1.000000 0.470150
vt 0.412055 0.041886
vt 0.449732 1.000000
vt 0.687221 0.048382
vt 0.499999 1.000000
vt 0.550249 1.000000
vt 0.587924 0.041885
vt 0.000000 0.470142
vt 0.602068 0.963890
vt 0.534088 0.967910
vt 0.763034 0.000000
vt 0.401545 0.034171
vt 0.431001 1.000000
vt 0.227735 1.000000
vt 0.729248 0.037262
vt 0.687219 0.048377
vt 0.500000 1.000000
vt 0.509221 0.037262
vt 0.568998 1.000000
vt 0.598454 0.034171
vt 1.000000 0.529842
vt 0.397940 0.036110
vt 0.412065 0.041887
vt 0.449743 1.000000
vt 0.687227 0.048379
vt 0.550266 1.000000
vt 0.587941 0.041885
vt 0.252352 0.030162
vt 0.312094 1.000000
vt 0.763033 0.000000
vt 1.000000 0.529846
vt 0.397898 0.036116
vt 0.430995 1.000000
vt 1.000000 0.530873
vt 0.407455 0.044132
vt 0.449756 1.000000
vt 1.000000 0.531496
vt 0.687216 0.048377
vt 0.500008 1.000000
vt 0.000000 0.469112
vt 0.592530 0.955867
vt 0.550216 0.000000
vt 0.569022 1.000000
vt 0.598477 0.034172
vt 1.000000 0.529096
vt 0.711049 0.032085
vt 0.431006 0.000000
vt 0.397917 0.963889
vt 0.412079 0.041887
s 1
f 12/1/1 7/2/2 1/3/3
f 8/4/4 4/5/5 5/6/6
f 3/7/7 4/8/5 8/9/4
f 8/4/4 5/6/6 10/10/8
f 10/10/8 7/11/2 9/12/9
f 1/13/3 6/14/10 12/15/1
f 13/16/11 3/17/7 14/18/12
f 16/19/13 14/18/12 10/10/8
f 3/20/7 13/16/11 6/14/10
f 16/19/13 13/16/11 14/18/12
f 2/21/14 7/2/2 12/1/1
f 21/22/15 25/23/16 170/24/17
f 17/25/18 28/26/19 21/22/15
f 18/27/20 20/28/21 172/29/22
f 25/23/16 30/30/23 20/28/21
f 19/31/24 30/30/23 25/23/16
f 19/31/24 23/32/25 22/33/26
f 24/34/27 21/22/15 22/33/26
f 27/35/28 26/36/29 171/37/30
f 29/38/31 27/35/28 172/29/22
f 29/38/31 172/29/22 20/28/21
f 33/39/32 37/40/33 31/41/34
f 31/41/34 35/42/35 32/43/36
f 33/39/32 31/41/34 32/43/36
f 34/44/37 37/40/33 50/45/38
f 38/46/39 36/47/40 37/40/33
f 41/48/41 50/45/38 39/49/42
f 48/50/43 50/45/38 47/51/44
f 40/52/45 46/53/46 39/49/42
f 39/49/42 48/50/43 40/52/45
f 39/49/42 36/47/40 48/50/43
f 48/50/43 47/51/44 40/52/45
f 49/54/47 44/55/48 46/53/46
f 45/56/49 43/57/50 41/48/41
f 47/51/44 49/54/47 40/52/45
f 44/55/48 51/58/51 42/57/52
f 44/55/48 52/57/53 45/56/49
f 43/57/50 51/58/51 41/48/41
f 44/55/48 42/57/52 52/57/53
f 47/51/44 41/48/41 51/58/51
f 52/57/53 43/57/50 45/56/49
f 39/49/42 46/53/46 45/56/49
f 55/59/54 75/60/55 74/61/56
f 68/62/57 71/63/58 64/64/59
f 67/65/60 70/66/61 65/67/62
f 77/68/63 64/69/59 74/61/56
f 56/70/64 59/71/65 60/72/66
f 59/71/65 56/70/64 76/73/67
f 74/61/56 60/74/66 59/75/65
f 60/74/66 74/61/56 75/60/55
f 57/76/68 61/77/69 73/78/70
f 61/77/69 57/76/68 77/68/63
f 53/79/71 73/78/70 61/77/69
f 73/78/70 53/79/71 54/80/72
f 76/73/67 56/70/64 65/81/62
f 67/65/60 71/63/58 70/66/61
f 65/67/62 69/82/73 68/62/57
f 71/63/58 62/83/74 70/66/61
f 56/84/64 75/85/55 55/86/54
f 77/87/63 74/88/56 53/89/71
f 64/64/59 54/90/72 66/91/75
f 75/85/55 56/84/64 60/74/66
f 77/87/63 53/89/71 61/77/69
f 65/67/62 56/92/64 67/65/60
f 65/67/62 70/66/61 72/93/76
f 71/63/58 63/94/77 62/83/74
f 54/95/72 57/76/68 73/78/70
f 66/96/75 65/81/62 68/62/57
f 82/97/78 78/98/79 80/99/80
f 79/100/81 84/101/82 83/102/83
f 83/102/83 80/99/80 79/100/81
f 84/101/82 82/97/78 83/102/83
f 78/98/79 85/103/84 80/99/80
f 81/104/85 85/103/84 78/105/79
f 79/100/81 81/104/85 78/105/79
f 80/99/80 81/104/85 79/100/81
f 96/106/86 88/107/87 106/108/88
f 88/107/87 87/109/89 106/108/88
f 106/108/88 90/110/90 96/106/86
f 90/110/90 86/111/91 93/112/92
f 92/113/93 96/106/86 100/114/94
f 99/115/95 100/114/94 96/106/86
f 97/116/96 95/117/97 99/115/95
f 98/118/98 99/115/95 95/117/97
f 100/114/94 101/119/99 98/118/98
f 100/114/94 99/115/95 101/119/99
f 86/111/91 103/120/100 102/121/101
f 90/110/90 106/108/88 105/122/102
f 87/109/89 103/123/100 106/108/88
f 105/122/102 108/124/103 104/125/104
f 106/108/88 107/126/105 105/122/102
f 106/108/88 103/120/100 112/127/106
f 109/128/107 112/127/106 108/124/103
f 110/129/108 109/128/107 108/124/103
f 112/127/106 109/128/107 111/130/109
f 103/120/100 104/125/104 108/124/103
f 122/131/110 113/132/111 121/133/112
f 121/133/112 113/132/111 116/134/113
f 116/135/113 117/136/114 114/137/115
f 114/137/115 119/138/116 116/135/113
f 120/139/117 117/136/114 130/140/118
f 115/141/119 122/131/110 118/142/120
f 129/143/121 113/132/111 122/131/110
f 120/139/117 119/138/116 114/137/115
f 121/133/112 119/138/116 123/144/122
f 123/144/122 119/138/116 120/139/117
f 123/144/122 120/139/117 124/145/123
f 121/133/112 123/144/122 127/146/124
f 125/147/125 122/131/110 126/148/126
f 123/144/122 124/145/123 128/149/127
f 126/148/126 128/149/127 124/145/123
f 129/143/121 130/140/118 132/150/128
f 133/151/129 117/136/114 131/152/130
f 132/150/128 133/151/129 136/153/131
f 135/154/132 134/155/133 136/153/131
f 136/153/131 138/156/134 135/154/132
f 138/156/134 136/153/131 133/151/129
f 134/155/133 135/154/132 137/157/135
f 133/151/129 132/150/128 130/140/118
f 139/158/136 140/159/137 155/160/138
f 139/158/136 157/161/139 143/162/140
f 143/163/140 157/164/139 141/165/141
f 139/158/136 146/166/142 140/159/137
f 141/165/141 144/167/143 143/163/140
f 142/168/144 156/169/145 140/159/137
f 149/170/146 144/167/143 150/171/147
f 151/172/148 144/167/143 145/173/149
f 151/172/148 146/166/142 148/174/150
f 149/170/146 150/171/147 152/175/151
f 151/172/148 152/175/151 150/171/147
f 154/176/152 152/175/151 151/172/148
f 160/177/153 159/178/154 142/168/144
f 157/164/139 160/177/153 141/165/141
f 158/179/155 156/169/145 159/178/154
f 159/178/154 161/180/156 158/179/155
f 159/178/154 163/181/157 161/180/156
f 160/177/153 163/181/157 159/178/154
f 158/179/155 161/180/156 165/182/158
f 158/179/155 165/182/158 160/177/153
f 164/183/159 162/184/160 161/180/156
f 163/181/157 162/184/160 164/183/159
f 144/167/143 141/165/141 142/168/144
f 160/177/153 165/182/158 163/181/157
f 171/37/30 166/185/161 173/186/162
f 173/186/162 18/27/20 172/29/22
f 166/185/161 18/27/20 173/186/162
f 166/185/161 171/37/30 17/25/18
f 18/27/20 168/187/163 169/188/164
f 17/25/18 170/24/17 169/188/164
f 168/187/163 167/189/165 169/188/164
f 27/35/28 171/37/30 174/190/166
f 174/190/166 173/186/162 172/29/22
f 174/190/166 171/37/30 173/186/162
f 175/191/167 180/192/168 179/193/169
f 176/194/170 177/195/171 182/196/172
f 182/196/172 178/197/173 176/194/170
f 179/193/169 182/196/172 177/195/171
f 180/192/168 178/197/173 182/196/172
f 187/198/174 186/199/175 183/200/176
f 180/192/168 181/201/177 195/202/178
f 181/201/177 190/203/179 183/200/176
f 193/204/180 183/200/176 186/199/175
f 181/201/177 183/200/176 194/205/181
f 185/206/182 181/201/177 194/205/181
f 183/200/176 193/204/180 194/205/181
f 193/204/180 192/204/183 185/206/182
f 188/57/184 187/198/174 184/207/185
f 206/208/186 203/209/187 212/210/188
f 219/211/189 216/212/190 217/213/191
f 218/214/192 215/215/193 199/216/194
f 212/210/188 215/217/193 201/218/195
f 204/219/196 209/220/197 199/216/194
f 210/221/198 197/222/199 206/208/186
f 211/223/200 198/224/201 207/225/202
f 202/226/203 199/216/194 209/220/197
f 212/210/188 203/209/187 215/217/193
f 215/215/193 216/212/190 201/218/195
f 199/216/194 217/213/191 200/227/204
f 213/228/205 216/212/190 218/214/192
f 206/229/186 205/230/206 203/231/187
f 207/232/202 204/233/196 212/234/188
f 201/235/195 208/236/207 196/237/208
f 212/234/188 204/233/196 210/221/198
f 196/238/208 208/239/207 211/223/200
f 203/240/187 199/241/194 215/215/193
f 214/242/209 213/228/205 218/214/192
f 222/243/210 223/244/211 220/245/212
f 224/246/213 228/247/214 222/248/210
f 225/249/215 228/247/214 224/246/213
f 220/245/212 221/250/216 225/249/215
f 220/245/212 226/251/217 222/243/210
f 224/246/213 226/251/217 227/252/218
f 225/249/215 224/246/213 227/252/218
f 220/245/212 227/252/218 226/251/217
f 236/253/219 246/254/220 229/255/221
f 236/256/219 232/257/222 246/258/220
f 248/259/223 232/257/222 237/260/224
f 234/261/225 248/259/223 237/260/224
f 234/261/225 230/262/226 233/263/227
f 236/256/219 237/260/224 232/257/222
f 230/262/226 234/261/225 231/264/228
f 238/265/229 231/264/228 241/266/230
f 238/265/229 236/256/219 231/264/228
f 238/265/229 237/260/224 236/256/219
f 240/267/231 237/260/224 239/268/232
f 240/267/231 231/264/228 234/261/225
f 241/266/230 242/269/233 238/265/229
f 240/267/231 242/269/233 241/266/230
f 242/269/233 243/270/234 238/265/229
f 240/267/231 243/270/234 244/271/235
f 244/271/235 242/269/233 240/267/231
f 233/263/227 247/272/236 248/259/223
f 245/273/237 229/274/221 246/258/220
f 235/275/238 253/276/239 247/272/236
f 253/276/239 250/277/240 252/278/241
f 252/278/241 251/279/242 253/276/239
f 253/276/239 251/279/242 249/280/243
f 233/263/227 230/262/226 235/275/238
f 246/258/220 232/257/222 248/259/223
f 253/276/239 235/275/238 250/277/240
f 249/280/243 247/272/236 253/276/239
f 254/281/244 255/282/245 264/283/246
f 269/284/247 259/285/248 261/286/249
f 258/287/250 269/284/247 261/286/249
f 264/283/246 270/288/251 257/289/252
f 254/281/244 280/290/253 255/282/245
f 269/291/247 280/290/253 254/281/244
f 258/287/250 256/292/254 272/293/255
f 255/282/245 270/288/251 264/283/246
f 260/294/256 254/281/244 264/283/246
f 261/286/249 259/285/248 260/294/256
f 263/295/257 256/292/254 262/296/258
f 263/295/257 257/289/252 256/292/254
f 263/295/257 264/283/246 257/289/252
f 260/294/256 264/283/246 265/297/259
f 260/294/256 265/297/259 266/298/260
f 262/296/258 266/298/260 267/299/261
f 263/295/257 262/296/258 267/299/261
f 268/300/262 279/301/263 265/297/259
f 268/300/262 265/297/259 267/299/261
f 271/302/264 272/293/255 270/288/251
f 273/303/265 269/284/247 258/287/250
f 273/303/265 280/304/253 269/284/247
f 271/302/264 255/282/245 275/305/266
f 271/302/264 275/305/266 274/306/267
f 275/305/266 278/307/268 277/308/269
f 277/308/269 274/306/267 276/309/270
f 271/302/264 273/303/265 272/293/255
f 278/307/268 273/303/265 274/306/267
f 283/310/271 289/311/272 284/312/273
f 284/312/273 286/313/274 285/314/275
f 287/315/276 285/314/275 286/313/274
f 287/315/276 288/316/277 297/317/278
f 289/311/272 281/318/279 282/319/280
f 292/320/281 286/313/274 291/321/282
f 292/320/281 290/322/283 286/313/274
f 289/311/272 282/319/280 293/323/284
f 292/320/281 291/321/282 294/324/285
f 292/320/281 294/324/285 295/325/286
f 293/323/284 295/325/286 296/326/287
f 297/317/278 288/316/277 298/327/288
f 285/314/275 297/317/278 300/328/289
f 300/328/289 283/310/271 285/314/275
f 300/328/289 302/329/290 283/310/271
f 302/329/290 303/330/291 298/327/288
f 305/331/292 301/332/293 304/333/294
f 306/334/295 303/330/291 305/331/292
f 304/333/294 303/330/291 306/334/295
f 306/334/295 305/331/292 304/333/294
f 301/332/293 300/328/289 299/335/296
f 324/336/297 314/337/298 311/338/299
f 314/337/298 324/336/297 315/339/300
f 317/340/301 315/339/300 325/341/302
f 317/340/301 318/342/303 316/343/304
f 307/344/305 309/345/306 317/340/301
f 317/340/301 312/346/307 308/347/308
f 308/347/308 311/338/299 314/337/298
f 318/342/303 313/348/309 316/343/304
f 321/349/310 310/350/311 319/351/312
f 319/351/312 313/348/309 320/352/313
f 318/342/303 320/352/313 313/348/309
f 319/351/312 323/353/314 322/354/315
f 323/353/314 320/352/313 321/349/310
f 315/339/300 324/336/297 325/341/302
f 337/355/316 331/356/317 336/357/318
f 344/358/319 331/356/317 348/359/320
f 332/360/321 333/361/322 334/362/323
f 334/362/323 333/361/322 347/363/324
f 334/362/323 347/363/324 335/364/325
f 326/365/326 332/360/321 335/364/325
f 333/361/322 332/360/321 326/365/326
f 336/357/318 331/356/317 344/366/319
f 336/357/318 344/366/319 330/367/327
f 330/367/327 337/355/316 336/357/318
f 337/355/316 330/367/327 331/356/317
f 340/368/328 334/362/323 335/364/325
f 339/369/329 332/360/321 334/362/323
f 338/370/330 335/364/325 332/360/321
f 332/360/321 339/369/329 338/370/330
f 339/369/329 340/368/328 338/370/330
f 344/366/319 328/371/331 330/372/327
f 329/373/332 341/374/333 348/375/320
f 330/367/327 328/376/331 349/377/334
f 342/378/335 347/379/324 350/380/336
f 347/381/324 333/382/322 328/371/331
f 349/383/334 345/384/337 341/374/333
f 326/365/326 349/377/334 328/376/331
f 344/358/319 350/380/336 347/379/324
f 341/385/333 343/386/338 348/359/320
f 343/386/338 327/387/339 350/380/336
f 342/378/335 343/386/338 341/385/333
f 354/388/340 366/389/341 353/390/342
f 351/391/343 352/392/344 357/393/345
f 356/394/346 358/395/347 353/390/342
f 360/396/348 356/394/346 359/397/349
f 359/397/349 357/393/345 360/396/348
f 351/391/343 361/398/350 366/389/341
f 361/398/350 362/399/351 363/400/352
f 355/401/353 364/402/354 352/392/344
f 355/401/353 365/403/355 364/402/354
f 364/402/354 365/403/355 352/392/344
f 356/394/346 366/389/341 362/399/351
f 368/404/356 378/405/357 372/406/358
f 371/407/359 367/408/360 370/409/361
f 373/410/362 374/411/363 371/407/359
f 370/412/361 381/413/364 369/414/365
f 372/406/358 370/412/361 368/404/356
f 369/415/365 381/416/364 368/404/356
f 371/407/359 370/409/361 372/406/358
f 379/417/366 370/409/361 367/408/360
f 367/408/360 371/407/359 374/411/363
f 380/418/367 368/404/356 381/416/364
f 375/419/368 372/406/358 378/420/357
f 374/411/363 375/419/368 376/421/369
f 376/421/369 367/408/360 374/411/363
f 378/420/357 379/417/366 367/408/360
f 381/413/364 379/422/366 380/418/367
f 379/422/366 378/420/357 380/418/367
f 394/423/370 393/424/371 383/425/372
f 388/426/373 390/427/374 398/428/375
f 399/429/376 387/430/377 384/431/378
f 395/432/379 390/427/374 388/426/373
f 386/433/380 385/434/381 391/435/382
f 391/435/382 385/434/381 400/436/383
f 386/433/380 394/437/370 395/432/379
f 385/434/381 401/438/384 400/436/383
f 398/428/375 399/429/376 388/426/373
f 387/430/377 399/429/376 398/428/375
f 385/434/381 386/433/380 384/431/378
f 384/431/378 387/430/377 401/438/384
f 393/439/371 392/440/385 383/441/372
f 396/442/386 383/441/372 397/443/387
f 390/444/374 394/445/370 383/446/372
f 391/435/382 400/436/383 393/439/371
f 397/443/387 387/430/377 398/428/375
f 415/447/388 417/448/389 403/449/390
f 415/450/388 423/451/391 417/452/389
f 403/453/390 409/454/392 408/455/393
f 405/456/394 406/457/395 410/458/396
f 414/459/397 420/460/398 407/461/399
f 403/453/390 408/455/393 416/462/400
f 403/453/390 422/463/401 409/454/392
f 411/464/402 412/465/403 419/466/404
f 411/464/402 419/466/404 418/467/405
f 419/466/404 412/465/403 404/468/406
f 411/464/402 413/469/407 410/458/396
f 413/469/407 411/464/402 418/470/405
f 423/451/391 407/461/399 421/471/408
f 406/457/395 408/455/393 409/454/392
f 412/465/403 409/454/392 422/463/401
f 405/456/394 410/458/396 413/469/407
f 423/451/391 421/471/408 424/472/409
f 424/473/409 403/474/390 417/452/389
f 421/475/408 404/476/406 424/477/409
f 419/466/404 421/471/408 418/467/405
f 418/467/405 420/478/398 413/479/407
f 413/480/407 407/461/399 405/456/394
f 407/461/399 413/480/407 414/459/397
f 415/481/388 416/462/400 423/451/391
f 408/455/393 423/451/391 416/462/400
f 423/451/391 405/456/394 407/461/399
f 430/482/410 432/483/411 442/484/412
f 428/485/413 429/486/414 432/487/411
f 442/484/412 440/488/415 430/489/410
f 431/490/416 447/491/417 437/492/418
f 455/493/419 438/494/420 448/495/421
f 438/494/420 455/493/419 439/496/422
f 434/497/423 437/492/418 447/491/417
f 435/498/424 434/497/423 426/499/425
f 455/493/419 441/500/426 439/496/422
f 427/501/427 428/485/413 438/494/420
f 427/501/427 438/494/420 439/496/422
f 436/502/428 432/483/411 433/503/429
f 440/504/415 431/505/416 433/506/429
f 440/504/415 433/506/429 430/507/410
f 434/497/423 447/491/417 453/508/430
f 445/509/431 446/510/432 449/511/433
f 444/512/434 447/491/417 431/490/416
f 444/512/434 454/513/435 453/508/430
f 456/514/436 446/510/432 445/509/431
f 438/494/420 426/499/425 448/495/421
f 441/500/426 432/483/411 427/501/427
f 448/495/421 445/509/431 449/511/433
f 456/514/436 445/509/431 448/495/421
f 446/510/432 456/514/436 426/499/425
f 454/513/435 446/510/432 453/508/430
f 443/515/437 444/516/434 440/517/415
f 441/500/426 449/511/433 450/518/438
f 449/511/433 441/500/426 448/495/421
f 448/495/421 441/500/426 455/493/419
f 451/519/439 454/520/435 442/484/412
f 444/521/434 443/522/437 454/523/435
f 442/524/412 454/523/435 443/522/437
f 452/525/440 450/526/438 449/527/433
f 462/528/441 463/529/442 467/530/443
f 470/531/444 458/532/445 472/533/446
f 473/534/447 461/535/448 474/536/449
f 459/537/450 458/532/445 466/538/451
f 475/539/452 465/540/453 459/537/450
f 458/532/445 457/541/454 466/542/451
f 476/543/455 472/533/446 474/536/449
f 463/529/442 475/539/452 464/544/456
f 466/538/451 468/545/457 464/544/456
f 468/546/457 457/547/454 470/531/444
f 471/548/458 468/546/457 470/531/444
f 469/549/459 476/543/455 460/550/460
f 471/548/458 470/531/444 476/543/455
f 468/545/457 466/538/451 457/551/454
f 467/552/443 461/553/448 465/554/453
f 465/554/453 462/555/441 467/552/443
f 481/556/461 477/557/462 479/558/463
f 477/557/462 478/559/464 480/560/465
f 480/560/465 478/559/464 487/561/466
f 487/561/466 478/559/464 501/562/467
f 481/556/461 479/558/463 502/563/468
f 486/564/469 480/560/465 487/561/466
f 486/564/469 502/563/468 480/560/465
f 481/565/461 486/566/469 489/567/470
f 487/568/466 481/565/461 484/569/471
f 483/570/472 482/571/473 493/572/474
f 493/572/474 490/573/475 483/570/472
f 489/567/470 488/574/476 485/575/477
f 498/576/478 488/574/476 499/577/479
f 488/574/476 493/578/474 499/577/479
f 499/577/479 493/572/474 491/579/480
f 491/579/480 493/572/474 492/580/481
f 491/579/480 492/580/481 498/576/478
f 492/580/481 488/574/476 498/576/478
f 485/575/477 492/580/481 482/571/473
f 492/580/481 493/572/474 482/571/473
f 483/570/472 490/573/475 484/569/471
f 498/576/478 499/577/479 494/581/482
f 495/582/483 499/577/479 491/579/480
f 491/579/480 498/576/478 497/583/484
f 503/584/485 477/557/462 501/562/467
f 502/563/468 479/558/463 480/560/465
f 513/585/486 512/586/487 508/587/488
f 508/587/488 505/588/489 513/585/486
f 509/589/490 513/590/486 505/591/489
f 508/592/488 504/593/491 510/594/492
f 509/589/490 506/595/493 513/590/486
f 507/596/494 511/597/495 504/593/491
f 504/593/491 506/598/493 510/594/492
f 505/599/489 508/592/488 510/594/492
f 526/600/496 523/601/497 522/602/498
f 522/603/498 527/604/499 526/605/496
f 523/606/497 525/607/500 527/604/499
f 517/608/501 519/609/502 516/610/503
f 516/610/503 520/611/504 514/612/505
f 514/613/505 518/614/506 516/615/503
f 518/614/506 514/613/505 515/616/507
f 515/616/507 519/609/502 518/614/506
f 518/614/506 519/609/502 517/608/501
f 514/612/505 525/607/500 521/617/508
f 521/618/508 515/616/507 514/613/505
f 521/617/508 525/607/500 526/600/496
f 526/605/496 524/619/509 521/618/508
f 530/620/510 533/621/511 528/622/512
f 531/623/513 530/620/510 528/622/512
f 536/624/514 529/625/515 530/620/510
f 530/626/510 531/627/513 534/628/516
f 533/621/511 534/628/516 531/627/513
f 531/623/513 528/622/512 541/629/517
f 531/627/513 541/630/517 532/631/518
f 534/628/516 529/625/515 535/632/519
f 529/625/515 536/633/514 535/632/519
f 540/634/520 541/630/517 528/622/512
f 538/635/521 528/622/512 537/636/522
f 542/637/523 543/638/524 541/630/517
f 540/634/520 543/638/524 539/639/525
f 528/622/512 538/635/521 540/634/520
f 543/638/524 538/635/521 532/631/518
f 542/637/523 540/634/520 539/639/525
f 551/640/526 552/641/527 546/642/528
f 546/643/528 549/644/529 551/645/526
f 552/641/527 549/644/529 547/646/530
f 547/646/530 546/642/528 552/641/527
f 549/647/529 546/642/528 544/648/531
f 550/649/532 555/650/533 547/646/530
f 560/651/534 548/652/535 552/641/527
f 551/640/526 548/652/535 560/651/534
f 554/653/536 550/649/532 545/654/537
f 555/650/533 550/649/532 558/655/538
f 559/656/539 554/653/536 556/657/540
f 553/658/541 556/657/540 557/659/542
f 556/657/540 553/658/541 545/654/537
f 558/655/538 550/649/532 559/656/539
f 556/657/540 555/650/533 559/656/539
f 572/660/543 579/661/544 564/662/545
f 572/660/543 564/662/545 565/663/546
f 569/664/547 571/665/548 568/666/549
f 576/667/550 561/668/551 579/661/544
f 578/669/552 569/664/547 577/670/553
f 578/669/552 577/670/553 567/671/554
f 566/672/555 577/670/553 569/664/547
f 578/669/552 565/673/546 571/665/548
f 565/673/546 578/669/552 567/671/554
f 568/666/549 570/674/556 574/675/557
f 562/676/558 580/677/559 573/678/560
f 563/679/561 564/662/545 561/668/551
f 569/664/547 574/675/557 566/672/555
f 574/675/557 569/664/547 568/666/549
f 574/675/557 580/677/559 562/676/558
f 570/674/556 571/665/548 565/673/546
f 581/680/562 562/681/558 573/682/560
f 575/683/563 576/684/550 577/670/553
f 577/670/553 579/685/544 567/671/554
f 572/686/543 567/687/554 579/685/544
f 580/677/559 563/679/561 573/678/560
f 563/679/561 570/688/556 564/662/545
f 570/688/556 563/679/561 580/677/559
f 567/687/554 572/686/543 565/689/546
f 562/690/558 581/691/562 575/692/563
f 582/693/564 585/694/565 596/695/566
f 582/693/564 583/696/567 589/697/568
f 589/698/568 583/699/567 585/694/565
f 588/700/569 583/699/567 586/701/570
f 583/699/567 584/702/571 585/694/565
f 587/703/572 596/695/566 584/702/571
f 586/701/570 597/704/573 598/705/574
f 592/706/575 589/698/568 585/694/565
f 595/707/576 585/694/565 593/708/577
f 593/708/577 585/694/565 582/693/564
f 592/706/575 590/709/578 589/698/568
f 585/694/565 595/707/576 592/706/575
f 594/710/579 591/711/580 590/709/578
f 600/712/581 601/713/582 607/714/583
f 602/715/584 603/716/585 604/717/586
f 600/718/581 605/719/587 602/715/584
f 606/720/588 599/721/589 602/722/584
f 607/714/583 615/723/590 605/719/587
f 608/724/591 604/717/586 599/721/589
f 611/725/592 610/726/593 608/724/591
f 606/720/588 612/727/594 599/721/589
f 609/728/595 606/720/588 604/717/586
f 612/727/594 610/726/593 611/725/592
f 612/727/594 608/724/591 599/721/589
f 606/720/588 609/728/595 613/729/596
f 608/724/591 613/729/596 604/717/586
f 621/730/597 620/731/598 616/732/599
f 616/732/599 617/733/600 621/730/597
f 619/734/601 617/735/600 616/736/599
f 618/737/602 620/731/598 619/734/601
f 618/737/602 627/738/603 628/739/604
f 632/740/605 617/733/600 622/741/606
f 622/741/606 619/734/601 632/740/605
f 619/734/601 622/741/606 617/733/600
f 628/739/604 626/742/607 620/731/598
f 625/743/608 626/742/607 628/739/604
f 624/744/609 629/745/610 625/743/608
f 630/746/611 628/739/604 627/738/603
f 625/743/608 631/747/612 624/744/609
f 626/742/607 629/745/610 623/748/613
f 624/744/609 631/747/612 627/738/603
f 631/747/612 625/743/608 628/739/604
f 633/749/614 636/750/615 634/751/616
f 636/750/615 641/752/617 634/751/616
f 637/753/618 638/754/619 641/755/617
f 633/749/614 634/751/616 638/754/619
f 638/754/619 637/753/618 633/749/614
f 635/756/620 636/750/615 633/749/614
f 640/757/621 637/753/618 636/758/615
f 637/753/618 640/757/621 639/759/622
f 633/749/614 637/753/618 639/759/622
f 633/749/614 639/759/622 635/756/620
f 639/759/622 649/760/623 648/761/624
f 648/761/624 635/756/620 639/759/622
f 642/762/625 634/751/616 647/763/626
f 647/763/626 644/764/627 646/765/628
f 647/763/626 643/766/629 642/762/625
f 645/767/630 647/763/626 641/755/617
f 638/754/619 646/765/628 645/767/630
f 656/768/631 655/769/632 650/770/633
f 654/771/634 661/772/635 660/773/636
f 652/774/637 651/775/638 654/776/634
f 661/777/635 655/778/632 659/779/639
f 659/780/639 658/781/640 657/782/641
f 658/781/640 651/783/638 657/782/641
f 656/768/631 653/784/642 658/781/640
f 661/785/635 659/786/639 660/773/636
f 660/773/636 651/787/638 652/788/637
f 673/789/643 672/790/644 674/791/645
f 671/792/646 662/793/647 665/794/648
f 664/795/649 669/796/650 667/797/651
f 670/798/652 663/799/653 668/800/654
f 671/801/646 668/800/654 663/799/653
f 666/802/655 671/801/646 664/803/649
f 668/804/654 674/791/645 683/805/656
f 664/795/649 667/797/651 666/806/655
f 662/793/647 663/807/653 670/808/652
f 669/809/650 665/810/648 667/811/651
f 667/811/651 665/810/648 662/812/647
f 674/791/645 687/813/657 675/814/658
f 674/791/645 668/804/654 666/815/655
f 672/790/644 673/789/643 687/813/657
f 674/791/645 666/815/655 673/789/643
f 662/793/647 684/816/659 677/817/660
f 677/817/660 678/818/661 676/819/662
f 679/820/663 680/821/664 681/822/665
f 680/823/664 679/824/663 685/825/666
f 685/825/666 682/826/667 680/823/664
f 682/827/667 687/813/657 666/815/655
f 667/811/651 662/812/647 681/828/665
f 684/816/659 668/800/654 683/829/656
f 666/806/655 681/822/665 682/830/667
f 681/828/665 662/812/647 677/831/660
f 676/832/662 679/824/663 681/828/665
f 682/826/667 685/825/666 683/829/656
f 683/805/656 674/791/645 675/814/658
f 686/833/668 683/805/656 675/814/658
f 683/805/656 686/833/668 682/827/667
f 689/834/669 702/835/670 699/836/671
f 691/837/672 701/838/673 690/839/674
f 692/840/675 700/841/676 693/842/677
f 695/843/678 700/844/676 688/845/679
f 697/846/680 700/847/676 696/848/681
f 696/848/681 694/849/682 697/850/680
f 699/851/671 700/841/676 692/840/675
f 699/836/671 702/835/670 698/852/683
f 694/849/682 695/853/678 697/850/680
f 695/854/678 688/855/679 697/856/680
f 701/857/673 691/858/672 697/856/680
f 688/855/679 699/859/671 697/856/680
f 699/859/671 692/860/675 697/856/680
f 707/861/684 706/862/685 708/863/686
f 709/864/687 710/865/688 711/866/689
f 715/867/690 716/868/691 717/866/692
f 724/869/693 725/870/694 726/871/695
f 733/872/696 734/873/697 735/866/698
f 736/874/699 737/875/700 738/871/701
f 743/876/702 744/877/703 742/878/704
f 760/879/705 762/863/706 761/880/707
f 772/881/708 774/863/709 773/882/710
f 779/883/702 780/877/703 778/884/704
f 781/885/711 783/863/712 782/886/713
f 787/887/714 789/863/715 788/888/716
f 796/889/705 798/863/706 797/890/707
f 806/891/717 807/866/718 805/892/719
f 808/893/708 810/863/720 809/894/710
f 8/9/4 15/895/721 3/7/7
f 6/896/10 1/897/3 7/11/2
f 6/896/10 5/6/6 4/5/5
f 4/898/5 3/20/7 6/14/10
f 10/10/8 5/6/6 6/896/10
f 16/19/13 10/10/8 9/12/9
f 10/10/8 6/896/10 7/11/2
f 7/899/2 11/900/722 9/901/9
f 9/12/9 11/902/722 16/19/13
f 10/10/8 15/903/721 8/4/4
f 2/904/14 12/1/1 13/16/11
f 14/18/12 3/17/7 15/903/721
f 7/899/2 2/905/14 11/900/722
f 15/903/721 10/10/8 14/18/12
f 13/16/11 12/15/1 6/14/10
f 16/19/13 11/902/722 2/904/14
f 2/904/14 13/16/11 16/19/13
f 17/25/18 21/22/15 170/24/17
f 171/37/30 26/36/29 28/26/19
f 17/25/18 171/37/30 28/26/19
f 18/27/20 25/23/16 20/28/21
f 25/23/16 18/27/20 170/24/17
f 21/22/15 28/26/19 30/30/23
f 21/22/15 30/30/23 19/31/24
f 21/22/15 24/34/27 25/23/16
f 19/31/24 22/33/26 21/22/15
f 23/32/25 19/31/24 25/23/16
f 25/23/16 24/34/27 23/32/25
f 24/34/27 22/33/26 23/32/25
f 27/35/28 29/38/31 26/36/29
f 26/36/29 29/38/31 28/26/19
f 29/38/31 20/28/21 30/30/23
f 29/38/31 30/30/23 28/26/19
f 32/43/36 37/40/33 33/39/32
f 32/43/36 35/42/35 38/46/39
f 38/46/39 37/40/33 32/43/36
f 34/44/37 38/46/39 31/41/34
f 31/41/34 37/40/33 34/44/37
f 48/50/43 36/47/40 38/46/39
f 48/50/43 38/46/39 34/44/37
f 34/44/37 50/45/38 48/50/43
f 50/45/38 37/40/33 36/47/40
f 35/42/35 31/41/34 38/46/39
f 46/53/46 44/55/48 45/56/49
f 36/47/40 39/49/42 50/45/38
f 40/52/45 49/54/47 46/53/46
f 51/58/51 49/54/47 47/51/44
f 51/58/51 44/55/48 49/54/47
f 43/57/50 42/57/52 51/58/51
f 47/51/44 50/45/38 41/48/41
f 52/57/53 42/57/52 43/57/50
f 41/48/41 39/49/42 45/56/49
f 58/906/723 77/68/63 57/76/68
f 68/62/57 69/82/73 71/63/58
f 53/79/71 76/73/67 66/96/75
f 64/69/59 77/68/63 58/906/723
f 54/80/72 53/79/71 66/96/75
f 74/61/56 64/69/59 67/907/60
f 76/73/67 65/81/62 66/96/75
f 74/61/56 67/907/60 55/59/54
f 67/65/60 64/64/59 71/63/58
f 65/67/62 72/93/76 69/82/73
f 69/82/73 72/93/76 63/94/77
f 58/908/723 57/76/68 54/95/72
f 53/89/71 74/88/56 76/909/67
f 64/64/59 58/910/723 54/90/72
f 74/88/56 59/75/65 76/909/67
f 67/65/60 56/92/64 55/911/54
f 71/63/58 69/82/73 63/94/77
f 62/83/74 63/94/77 72/93/76
f 62/83/74 72/93/76 70/66/61
f 68/912/57 64/64/59 66/91/75
f 82/97/78 84/913/82 78/98/79
f 79/100/81 78/105/79 84/101/82
f 83/102/83 82/97/78 80/99/80
f 81/104/85 80/99/80 85/103/84
f 86/111/91 102/121/101 91/914/724
f 91/914/724 102/121/101 87/915/89
f 89/916/725 96/106/86 90/110/90
f 93/112/92 89/916/725 90/110/90
f 93/112/92 86/111/91 95/117/97
f 86/111/91 91/914/724 95/117/97
f 87/109/89 88/107/87 92/113/93
f 87/109/89 92/113/93 91/917/724
f 96/106/86 89/916/725 93/112/92
f 94/918/726 95/117/97 91/914/724
f 94/918/726 91/914/724 92/113/93
f 92/113/93 88/107/87 96/106/86
f 97/116/96 96/106/86 93/112/92
f 97/116/96 93/112/92 95/117/97
f 98/118/98 94/918/726 100/114/94
f 94/918/726 98/118/98 95/117/97
f 92/113/93 100/114/94 94/918/726
f 97/116/96 99/115/95 96/106/86
f 99/115/95 98/118/98 101/119/99
f 86/111/91 104/125/104 103/120/100
f 90/110/90 104/125/104 86/111/91
f 103/123/100 87/109/89 102/274/101
f 103/120/100 108/124/103 112/127/106
f 106/108/88 112/127/106 107/126/105
f 108/124/103 107/126/105 110/129/108
f 111/130/109 110/129/108 107/126/105
f 107/126/105 112/127/106 111/130/109
f 104/125/104 90/110/90 105/122/102
f 109/128/107 110/129/108 111/130/109
f 108/124/103 105/122/102 107/126/105
f 114/137/115 117/136/114 120/139/117
f 118/142/120 120/139/117 130/140/118
f 122/131/110 115/141/119 129/143/121
f 121/133/112 116/134/113 119/919/116
f 118/142/120 130/140/118 129/143/121
f 115/141/119 118/142/120 129/143/121
f 125/147/125 124/145/123 120/139/117
f 125/147/125 120/139/117 118/142/120
f 125/147/125 118/142/120 122/131/110
f 121/133/112 126/148/126 122/131/110
f 121/133/112 127/146/124 126/148/126
f 125/147/125 126/148/126 124/145/123
f 123/144/122 128/149/127 127/146/124
f 126/148/126 127/146/124 128/149/127
f 113/132/111 129/143/121 131/152/130
f 117/136/114 116/135/113 131/152/130
f 116/134/113 113/132/111 131/152/130
f 133/151/129 130/140/118 117/136/114
f 131/152/130 136/153/131 134/155/133
f 131/152/130 132/150/128 136/153/131
f 133/151/129 131/152/130 134/155/133
f 137/157/135 138/156/134 133/151/129
f 133/151/129 134/155/133 137/157/135
f 135/154/132 138/156/134 137/157/135
f 131/152/130 129/143/121 132/150/128
f 145/173/149 144/167/143 142/168/144
f 140/159/137 146/166/142 145/173/149
f 140/159/137 145/173/149 142/168/144
f 157/161/139 139/158/136 155/160/138
f 140/159/137 156/169/145 155/160/138
f 147/920/727 148/174/150 146/166/142
f 147/920/727 146/166/142 139/158/136
f 147/920/727 139/158/136 143/163/140
f 149/170/146 147/920/727 143/163/140
f 149/170/146 143/163/140 144/167/143
f 151/172/148 150/171/147 144/167/143
f 151/172/148 145/173/149 146/166/142
f 148/174/150 147/920/727 153/921/728
f 149/170/146 153/921/728 147/920/727
f 149/170/146 152/175/151 153/921/728
f 151/172/148 148/174/150 154/176/152
f 148/174/150 153/921/728 154/176/152
f 153/921/728 152/175/151 154/176/152
f 155/160/138 156/169/145 157/164/139
f 156/169/145 142/168/144 159/178/154
f 141/165/141 160/177/153 142/168/144
f 156/169/145 158/179/155 157/164/139
f 157/164/139 158/179/155 160/177/153
f 161/180/156 163/181/157 164/183/159
f 163/181/157 165/182/158 162/184/160
f 165/182/158 161/180/156 162/184/160
f 17/25/18 167/189/165 166/185/161
f 167/189/165 17/25/18 169/188/164
f 167/189/165 168/187/163 166/185/161
f 168/187/163 18/27/20 166/185/161
f 18/27/20 169/188/164 170/24/17
f 174/190/166 172/29/22 27/35/28
f 175/191/167 179/193/169 177/195/171
f 195/202/178 190/203/179 178/197/173
f 178/197/173 180/192/168 195/202/178
f 181/201/177 178/197/173 190/203/179
f 176/194/170 175/191/167 177/195/171
f 180/192/168 182/196/172 179/193/169
f 180/192/168 175/191/167 181/201/177
f 175/191/167 176/194/170 181/201/177
f 176/194/170 178/197/173 181/201/177
f 194/205/181 193/204/180 185/206/182
f 191/922/729 184/207/185 193/204/180
f 185/206/182 195/202/178 181/201/177
f 195/202/178 185/206/182 190/203/179
f 192/204/183 193/204/180 184/207/185
f 192/204/183 184/207/185 187/198/174
f 190/203/179 192/204/183 187/198/174
f 186/199/175 191/922/729 193/204/180
f 189/57/730 191/922/729 186/199/175
f 192/204/183 190/203/179 185/206/182
f 189/57/730 186/199/175 187/198/174
f 189/57/730 187/198/174 188/57/184
f 189/57/730 184/207/185 191/922/729
f 184/207/185 189/57/730 188/57/184
f 183/200/176 190/203/179 187/198/174
f 219/211/189 201/218/195 216/212/190
f 207/225/202 212/210/188 201/218/195
f 196/238/208 207/225/202 201/218/195
f 205/923/206 204/219/196 199/216/194
f 202/226/203 209/220/197 208/924/207
f 205/923/206 197/222/199 210/221/198
f 210/221/198 204/219/196 205/923/206
f 210/221/198 206/208/186 212/210/188
f 211/223/200 207/225/202 196/238/208
f 209/220/197 198/224/201 211/223/200
f 211/223/200 208/239/207 209/220/197
f 215/215/193 218/214/192 216/212/190
f 199/216/194 219/925/189 217/213/191
f 214/242/209 200/227/204 217/213/191
f 207/232/202 209/926/197 204/233/196
f 201/235/195 202/927/203 208/236/207
f 206/229/186 197/222/199 205/230/206
f 207/232/202 198/224/201 209/926/197
f 203/240/187 205/928/206 199/241/194
f 199/216/194 200/227/204 218/214/192
f 214/242/209 217/213/191 216/212/190
f 216/212/190 213/228/205 214/242/209
f 214/242/209 218/214/192 200/227/204
f 202/927/203 201/235/195 219/211/189
f 202/226/203 219/925/189 199/216/194
f 220/245/212 223/244/211 221/250/216
f 222/248/210 228/247/214 223/929/211
f 225/249/215 221/250/216 228/247/214
f 224/246/213 222/248/210 226/251/217
f 220/245/212 225/249/215 227/252/218
f 221/250/216 223/244/211 228/247/214
f 231/264/228 229/255/221 230/262/226
f 234/261/225 233/263/227 248/259/223
f 235/275/238 230/262/226 229/255/221
f 236/253/219 229/255/221 231/264/228
f 238/265/229 239/268/232 237/260/224
f 240/267/231 234/261/225 237/260/224
f 240/267/231 241/266/230 231/264/228
f 238/265/229 243/270/234 239/268/232
f 240/267/231 239/268/232 243/270/234
f 244/271/235 243/270/234 242/269/233
f 235/275/238 229/255/221 245/930/237
f 246/258/220 248/259/223 245/273/237
f 248/259/223 247/272/236 249/280/243
f 248/259/223 249/280/243 245/273/237
f 249/280/243 251/279/242 252/278/241
f 252/278/241 250/277/240 249/280/243
f 247/272/236 233/263/227 235/275/238
f 245/273/237 250/277/240 235/275/238
f 249/280/243 250/277/240 245/273/237
f 254/281/244 259/931/248 269/291/247
f 256/292/254 257/289/252 270/288/251
f 258/287/250 261/286/249 256/292/254
f 270/288/251 272/293/255 256/292/254
f 260/294/256 259/285/248 254/281/244
f 261/286/249 262/296/258 256/292/254
f 261/286/249 260/294/256 266/298/260
f 261/286/249 266/298/260 262/296/258
f 263/295/257 267/299/261 264/283/246
f 265/297/259 264/283/246 267/299/261
f 267/299/261 266/298/260 279/301/263
f 266/298/260 265/297/259 279/301/263
f 258/287/250 272/293/255 273/303/265
f 271/302/264 274/306/267 273/303/265
f 278/307/268 255/282/245 273/303/265
f 276/309/270 274/306/267 275/305/266
f 277/308/269 278/307/268 274/306/267
f 267/299/261 279/301/263 268/300/262
f 275/305/266 277/308/269 276/309/270
f 278/307/268 275/305/266 255/282/245
f 271/302/264 270/288/251 255/282/245
f 280/290/253 273/303/265 255/282/245
f 281/318/279 289/932/272 283/933/271
f 281/318/279 298/327/288 282/319/280
f 282/319/280 298/327/288 288/316/277
f 281/318/279 283/933/271 298/327/288
f 285/314/275 283/310/271 284/312/273
f 287/315/276 286/313/274 290/322/283
f 287/315/276 297/317/278 285/314/275
f 288/316/277 287/315/276 290/322/283
f 282/319/280 288/316/277 290/322/283
f 289/311/272 291/321/282 284/312/273
f 291/321/282 286/313/274 284/312/273
f 292/320/281 282/319/280 290/322/283
f 293/323/284 282/319/280 295/325/286
f 289/311/272 293/323/284 291/321/282
f 294/324/285 291/321/282 293/323/284
f 295/325/286 282/319/280 292/320/281
f 296/326/287 295/325/286 294/324/285
f 283/933/271 302/934/290 298/327/288
f 303/330/291 299/335/296 298/327/288
f 299/335/296 300/328/289 298/327/288
f 301/332/293 302/329/290 300/328/289
f 304/333/294 301/332/293 299/335/296
f 305/331/292 303/330/291 301/332/293
f 304/333/294 299/335/296 303/330/291
f 296/326/287 294/324/285 293/323/284
f 300/328/289 297/317/278 298/327/288
f 301/332/293 303/330/291 302/329/290
f 310/350/311 318/342/303 309/345/306
f 311/935/299 317/340/301 325/341/302
f 325/341/302 324/336/297 311/935/299
f 309/936/306 312/346/307 313/348/309
f 313/348/309 310/937/311 309/936/306
f 312/346/307 317/340/301 316/343/304
f 316/343/304 313/348/309 312/346/307
f 317/340/301 314/337/298 315/339/300
f 317/340/301 309/345/306 318/342/303
f 307/938/305 308/347/308 312/346/307
f 307/938/305 312/346/307 309/936/306
f 307/344/305 317/340/301 311/935/299
f 308/347/308 307/938/305 311/338/299
f 308/347/308 314/337/298 317/340/301
f 310/350/311 313/348/309 319/351/312
f 321/349/310 320/352/313 318/342/303
f 318/342/303 310/350/311 321/349/310
f 321/349/310 319/351/312 322/354/315
f 319/351/312 320/352/313 323/353/314
f 323/353/314 321/349/310 322/354/315
f 330/367/327 329/939/332 348/940/320
f 348/359/320 331/356/317 330/941/327
f 345/942/337 335/364/325 347/363/324
f 326/365/326 335/364/325 345/943/337
f 339/369/329 334/362/323 340/368/328
f 335/364/325 338/370/330 340/368/328
f 329/939/332 330/367/327 349/377/334
f 344/366/319 347/381/324 328/371/331
f 344/358/319 343/386/338 350/380/336
f 329/373/332 349/383/334 341/374/333
f 342/378/335 341/385/333 347/379/324
f 343/386/338 344/358/319 348/359/320
f 333/361/322 326/365/326 328/376/331
f 349/383/334 326/944/326 345/384/337
f 347/379/324 341/385/333 345/945/337
f 342/378/335 346/946/731 343/386/338
f 342/378/335 350/380/336 327/387/339
f 342/378/335 327/387/339 346/946/731
f 327/387/339 343/386/338 346/946/731
f 351/391/343 366/389/341 355/401/353
f 355/401/353 352/392/344 351/391/343
f 354/388/340 355/401/353 366/389/341
f 354/388/340 353/390/342 358/395/347
f 357/393/345 352/392/344 358/395/347
f 360/396/348 358/395/347 356/394/346
f 357/393/345 359/397/349 356/394/346
f 358/395/347 360/396/348 357/393/345
f 356/394/346 351/391/343 357/393/345
f 366/389/341 356/394/346 353/390/342
f 358/395/347 355/401/353 354/388/340
f 362/399/351 366/389/341 363/400/352
f 361/398/350 363/400/352 366/389/341
f 355/401/353 358/395/347 365/403/355
f 358/395/347 352/392/344 365/403/355
f 351/391/343 362/399/351 361/398/350
f 351/391/343 356/394/346 362/399/351
f 374/411/363 373/410/362 372/406/358
f 371/407/359 372/406/358 373/410/362
f 369/414/365 368/404/356 370/412/361
f 370/412/361 379/947/366 381/413/364
f 377/948/732 376/421/369 375/419/368
f 378/405/357 368/404/356 380/949/367
f 375/419/368 374/411/363 372/406/358
f 367/408/360 375/419/368 378/420/357
f 367/408/360 376/421/369 377/948/732
f 377/948/732 375/419/368 367/408/360
f 389/950/733 397/443/387 398/428/375
f 382/951/734 402/952/735 392/440/385
f 399/429/376 384/431/378 386/433/380
f 389/953/733 390/954/374 396/442/386
f 402/952/735 383/441/372 392/440/385
f 398/428/375 390/427/374 389/950/733
f 395/432/379 394/437/370 390/427/374
f 386/433/380 391/435/382 394/437/370
f 385/434/381 384/431/378 401/438/384
f 397/443/387 389/955/733 396/956/386
f 397/443/387 383/441/372 402/952/735
f 386/433/380 395/432/379 388/426/373
f 386/433/380 388/426/373 399/429/376
f 394/423/370 391/957/382 393/424/371
f 400/958/383 401/959/384 392/960/385
f 401/961/384 387/430/377 402/952/735
f 402/952/735 382/951/734 401/961/384
f 397/443/387 402/952/735 387/430/377
f 382/962/734 392/960/385 401/959/384
f 383/446/372 396/963/386 390/444/374
f 392/960/385 393/439/371 400/436/383
f 423/451/391 408/455/393 405/456/394
f 412/465/403 410/458/396 406/457/395
f 415/447/388 403/449/390 416/964/400
f 420/460/398 421/471/408 407/461/399
f 403/453/390 404/468/406 422/463/401
f 412/465/403 422/463/401 404/468/406
f 405/456/394 408/455/393 406/457/395
f 411/464/402 410/458/396 412/465/403
f 406/457/395 409/454/392 412/465/403
f 417/452/389 423/451/391 424/472/409
f 424/473/409 404/965/406 403/474/390
f 421/475/408 419/466/404 404/476/406
f 413/479/407 420/478/398 414/966/397
f 418/467/405 421/471/408 420/478/398
f 425/967/736 428/968/413 435/498/424
f 436/502/428 435/498/424 428/968/413
f 431/490/416 437/492/418 434/969/423
f 431/490/416 434/969/423 433/970/429
f 435/498/424 436/502/428 434/497/423
f 432/483/411 429/971/414 427/501/427
f 426/499/425 425/967/736 435/498/424
f 438/494/420 428/485/413 425/967/736
f 426/499/425 438/494/420 425/967/736
f 433/970/429 434/497/423 436/502/428
f 440/517/415 444/516/434 431/972/416
f 441/500/426 427/501/427 439/496/422
f 427/501/427 429/971/414 428/485/413
f 432/483/411 430/482/410 433/503/429
f 436/973/428 428/485/413 432/487/411
f 426/499/425 456/514/436 448/495/421
f 426/499/425 434/497/423 453/508/430
f 443/974/437 440/488/415 442/484/412
f 452/525/440 451/975/439 450/526/438
f 449/511/433 446/510/432 452/976/440
f 453/508/430 447/491/417 444/512/434
f 441/500/426 450/518/438 451/977/439
f 451/977/439 432/483/411 441/500/426
f 432/483/411 451/977/439 442/484/412
f 454/513/435 452/976/440 446/510/432
f 446/510/432 426/499/425 453/508/430
f 451/519/439 452/976/440 454/520/435
f 461/535/448 460/550/460 476/543/455
f 460/978/460 461/979/448 467/530/443
f 459/537/450 473/534/447 474/536/449
f 473/534/447 465/540/453 461/535/448
f 475/539/452 459/537/450 466/538/451
f 459/537/450 465/540/453 473/534/447
f 458/532/445 470/531/444 457/541/454
f 469/549/459 460/980/460 467/530/443
f 464/981/456 468/546/457 471/548/458
f 476/543/455 470/531/444 472/533/446
f 469/549/459 467/530/443 463/529/442
f 474/536/449 472/533/446 459/537/450
f 463/529/442 471/548/458 469/549/459
f 474/536/449 461/535/448 476/543/455
f 459/537/450 472/533/446 458/532/445
f 463/529/442 464/981/456 471/548/458
f 465/982/453 475/983/452 462/984/441
f 475/539/452 466/538/451 464/544/456
f 471/548/458 476/543/455 469/549/459
f 463/985/442 462/984/441 475/983/452
f 481/556/461 501/562/467 477/557/462
f 501/562/467 481/556/461 487/561/466
f 477/557/462 480/560/465 479/558/463
f 486/564/469 481/556/461 502/563/468
f 490/573/475 489/986/470 486/987/469
f 487/568/466 490/573/475 486/987/469
f 490/573/475 487/568/466 484/569/471
f 484/569/471 481/565/461 489/567/470
f 489/567/470 490/988/475 488/574/476
f 493/572/474 488/989/476 490/573/475
f 483/570/472 484/569/471 482/571/473
f 485/575/477 482/571/473 484/569/471
f 489/567/470 485/575/477 484/569/471
f 488/574/476 492/580/481 485/575/477
f 494/581/482 500/990/737 498/576/478
f 494/581/482 499/577/479 495/582/483
f 495/582/483 497/583/484 496/991/738
f 496/991/738 494/581/482 495/582/483
f 497/583/484 498/576/478 500/990/737
f 497/583/484 495/582/483 491/579/480
f 500/990/737 494/581/482 496/991/738
f 496/991/738 497/583/484 500/990/737
f 478/559/464 503/584/485 501/562/467
f 503/584/485 478/559/464 477/557/462
f 507/992/494 508/993/488 512/994/487
f 511/995/495 512/996/487 513/997/486
f 507/992/494 512/994/487 511/998/495
f 511/995/495 513/997/486 506/999/493
f 504/593/491 508/1000/488 507/596/494
f 509/1001/490 510/594/492 506/598/493
f 509/1001/490 505/599/489 510/594/492
f 504/593/491 511/597/495 506/598/493
f 526/600/496 525/607/500 523/601/497
f 522/603/498 523/606/497 527/604/499
f 516/615/503 518/614/506 517/608/501
f 519/609/502 520/611/504 516/610/503
f 515/616/507 520/611/504 519/609/502
f 514/612/505 520/611/504 525/607/500
f 521/618/508 524/619/509 515/616/507
f 524/619/509 525/607/500 520/611/504
f 520/611/504 515/616/507 524/619/509
f 527/604/499 524/619/509 526/605/496
f 527/604/499 525/607/500 524/619/509
f 529/625/515 533/621/511 530/620/510
f 536/633/514 530/626/510 534/628/516
f 531/627/513 532/631/518 533/621/511
f 528/622/512 533/621/511 532/631/518
f 529/625/515 534/628/516 533/621/511
f 536/633/514 534/628/516 535/632/519
f 543/638/524 532/631/518 541/630/517
f 538/635/521 543/638/524 540/634/520
f 538/635/521 537/636/522 532/631/518
f 537/636/522 528/622/512 532/631/518
f 542/637/523 541/630/517 540/634/520
f 542/637/523 539/639/525 543/638/524
f 546/642/528 545/654/537 544/648/531
f 544/1002/531 550/649/532 549/644/529
f 549/644/529 548/652/535 551/645/526
f 549/644/529 550/649/532 547/646/530
f 548/652/535 549/644/529 552/641/527
f 545/654/537 546/642/528 547/646/530
f 550/1003/532 544/648/531 545/654/537
f 545/654/537 547/646/530 555/650/533
f 560/651/534 552/641/527 551/640/526
f 545/654/537 555/650/533 556/657/540
f 556/657/540 554/653/536 557/659/542
f 553/658/541 557/659/542 554/653/536
f 554/653/536 545/654/537 553/658/541
f 554/653/536 559/656/539 550/649/532
f 558/655/538 559/656/539 555/650/533
f 568/666/549 571/665/548 570/674/556
f 581/1004/562 563/679/561 561/668/551
f 563/679/561 581/1004/562 573/1005/560
f 566/672/555 574/675/557 562/676/558
f 562/676/558 575/1006/563 566/672/555
f 566/672/555 575/1006/563 577/670/553
f 574/675/557 570/674/556 580/677/559
f 571/665/548 569/664/547 578/669/552
f 564/662/545 579/661/544 561/668/551
f 575/692/563 581/691/562 561/1007/551
f 561/1008/551 576/684/550 575/683/563
f 577/670/553 576/667/550 579/685/544
f 565/663/546 564/662/545 570/688/556
f 586/1009/570 583/1010/567 587/703/572
f 582/693/564 596/695/566 583/696/567
f 584/702/571 583/699/567 588/700/569
f 588/700/569 587/703/572 584/702/571
f 596/695/566 585/694/565 584/702/571
f 583/1010/567 596/695/566 587/703/572
f 586/1009/570 587/703/572 597/704/573
f 598/705/574 597/704/573 587/703/572
f 588/700/569 598/705/574 587/703/572
f 586/701/570 598/705/574 588/700/569
f 591/711/580 582/693/564 589/698/568
f 595/707/576 593/708/577 582/693/564
f 592/706/575 595/707/576 591/711/580
f 591/711/580 589/698/568 590/709/578
f 594/710/579 592/706/575 591/711/580
f 582/693/564 591/711/580 595/707/576
f 594/710/579 590/709/578 592/706/575
f 600/712/581 599/721/589 603/716/585
f 600/712/581 602/722/584 599/721/589
f 605/719/587 600/718/581 607/1011/583
f 605/719/587 603/716/585 602/715/584
f 603/716/585 605/719/587 601/713/582
f 603/716/585 601/713/582 600/712/581
f 599/721/589 604/717/586 603/716/585
f 614/1012/739 615/723/590 601/713/582
f 601/713/582 615/723/590 607/714/583
f 614/1012/739 601/713/582 605/719/587
f 615/723/590 614/1012/739 605/719/587
f 610/726/593 606/720/588 608/724/591
f 606/720/588 602/715/584 604/717/586
f 612/727/594 606/720/588 610/726/593
f 612/727/594 611/725/592 608/724/591
f 608/724/591 606/720/588 613/729/596
f 604/717/586 613/729/596 609/728/595
f 616/736/599 618/737/602 619/734/601
f 621/730/597 619/734/601 620/731/598
f 616/732/599 620/731/598 627/738/603
f 618/737/602 616/736/599 627/738/603
f 618/737/602 628/739/604 620/731/598
f 632/740/605 621/730/597 617/733/600
f 632/740/605 619/734/601 621/730/597
f 620/731/598 626/742/607 627/738/603
f 624/744/609 627/738/603 626/742/607
f 623/748/613 629/745/610 624/744/609
f 626/742/607 623/748/613 624/744/609
f 626/742/607 625/743/608 629/745/610
f 630/746/611 627/738/603 631/747/612
f 630/746/611 631/747/612 628/739/604
f 635/756/620 640/1013/621 636/750/615
f 636/750/615 637/1014/618 641/752/617
f 639/759/622 640/757/621 649/760/623
f 640/757/621 635/756/620 648/761/624
f 648/761/624 649/760/623 640/757/621
f 647/763/626 634/751/616 641/755/617
f 647/763/626 646/765/628 643/766/629
f 646/765/628 638/754/619 642/762/625
f 634/751/616 642/762/625 638/754/619
f 641/755/617 638/754/619 645/767/630
f 642/762/625 643/766/629 646/765/628
f 645/767/630 644/764/627 647/763/626
f 645/767/630 646/765/628 644/764/627
f 653/784/642 650/770/633 655/769/632
f 655/769/632 651/783/638 653/784/642
f 656/768/631 659/780/639 655/769/632
f 654/771/634 660/773/636 652/1015/637
f 653/784/642 656/768/631 650/770/633
f 651/775/638 655/1016/632 654/776/634
f 661/777/635 654/1017/634 655/778/632
f 658/781/640 659/780/639 656/768/631
f 658/781/640 653/784/642 651/783/638
f 660/773/636 659/786/639 657/1018/641
f 660/773/636 657/1019/641 651/787/638
f 671/792/646 663/807/653 662/793/647
f 664/803/649 671/801/646 669/809/650
f 666/815/655 687/813/657 673/789/643
f 684/816/659 662/793/647 670/808/652
f 667/797/651 681/822/665 666/806/655
f 671/801/646 665/810/648 669/809/650
f 666/802/655 668/800/654 671/801/646
f 672/790/644 687/813/657 674/791/645
f 676/819/662 678/818/661 685/825/666
f 684/816/659 683/829/656 678/1020/661
f 685/825/666 678/1020/661 683/829/656
f 684/816/659 670/808/652 668/800/654
f 677/817/660 684/816/659 678/818/661
f 680/821/664 682/830/667 681/822/665
f 687/813/657 686/833/668 675/814/658
f 679/824/663 676/832/662 685/825/666
f 681/828/665 677/831/660 676/832/662
f 686/833/668 687/813/657 682/827/667
f 689/834/669 688/845/679 700/844/676
f 688/1021/679 689/834/669 699/836/671
f 691/1022/672 690/1023/674 700/847/676
f 692/1024/675 693/1025/677 701/838/673
f 695/843/678 694/849/682 700/844/676
f 699/851/671 698/1026/683 700/841/676
f 701/857/673 697/856/680 692/860/675
f 700/1027/676 701/838/673 693/1025/677
f 700/847/676 697/846/680 691/1022/672
f 690/839/674 701/838/673 700/1028/676
f 700/844/676 702/835/670 689/834/669
f 700/847/676 694/849/682 696/848/681
f 700/841/676 698/852/683 702/835/670
f 703/1029/740 704/1030/741 705/1031/742
f 712/1032/743 713/1033/744 714/1034/745
f 718/1035/746 720/863/747 719/1036/748
f 722/1037/749 721/1038/750 723/1039/751
f 727/1040/752 728/1041/753 729/866/754
f 731/1042/755 730/1043/756 732/1044/757
f 739/1045/758 741/1046/759 740/1047/760
f 745/1048/761 746/1049/762 747/1050/763
f 748/1051/743 749/1052/744 750/1034/745
f 752/891/764 751/1053/765 753/863/766
f 754/1054/767 755/1055/768 756/866/769
f 757/1056/770 758/1057/771 759/1031/772
f 763/1058/752 764/1059/773 765/866/754
f 767/1042/755 766/1043/774 768/1044/757
f 770/1060/775 769/1061/776 771/863/777
f 776/1062/778 775/1063/779 777/1064/780
f 784/1065/743 785/1052/744 786/1034/745
f 790/1066/767 791/1067/768 792/866/781
f 793/1068/770 794/1069/771 795/1031/782
f 799/1070/752 800/1071/773 801/871/754
f 803/1042/755 802/1072/774 804/1073/757
f 813/1074/783 811/1075/784 812/1076/785
f 815/1077/786 814/1078/787 816/1079/788
f 819/1080/789 817/1081/790 818/1082/791
f 822/1083/792 821/1084/793 820/1085/794
f 825/1080/795 823/1086/796 824/1087/797
f 827/1088/798 826/1089/799 828/1090/781
f 831/1091/800 829/1092/801 830/1037/802
f 834/1093/803 832/1094/804 833/1077/805
f 836/1095/806 835/1096/807 837/1090/754
f 840/1097/808 838/1098/809 839/1042/810
f 841/1099/811 842/1100/812 843/1101/813
f 846/863/814 844/1102/815 845/1103/816
f 849/1074/817 847/1104/818 848/1105/819
f 851/1106/786 850/1107/787 852/1090/788
f 855/1108/820 854/1109/821 853/1048/822
f 858/1083/823 857/1110/824 856/1111/825
f 861/1080/826 859/1112/827 860/1113/828
f 863/1114/829 864/1080/830 862/1115/831
f 867/1074/832 865/1116/833 866/1117/834
f 870/1093/835 868/1118/836 869/876/837
f 872/1119/806 871/1120/807 873/1090/754
f 876/1097/838 874/1098/839 875/1042/840
f 879/1121/841 877/1122/842 878/1060/843
f 882/1080/844 880/1123/845 881/1124/846
f 885/1074/847 883/1125/848 884/1062/849
f 887/1126/786 886/1127/787 888/1090/788
f 889/1128/850 891/1090/851 890/1129/852
f 894/1083/853 893/1110/854 892/1130/855
f 897/1131/856 895/1132/857 896/1133/858
f 900/1134/859 898/1135/860 899/1136/861
f 903/1137/862 901/1138/863 902/1139/864
f 906/1140/865 905/1141/866 904/1142/867
f 908/1143/806 907/1144/807 909/1090/754
f 912/1145/868 910/1146/869 911/1042/870
f 913/1147/811 914/1148/871 915/1101/813
f 918/1080/872 916/1149/873 917/1136/874
